{
  "data": [
    {
      "id": 1,
      "name": "★★★1886资源",
      "url": "http://cj.1886zy.co/inc/api.php",
      "cate": "动作片,5&&喜剧片,6&&爱情片,7&&科幻片,8&&恐怖片,9&&国产剧,12&&韩国剧,14&&美国剧,15&&综艺,3&&动漫,4",
      "click": true,
      "decoder": 1,
      "wePlus": {}
    },
    {
      "id": 1,
      "name": "★★★4K鱼",
      "url": "http://4kyu.cc/api.php/provide/vod/at/xml/",
      "cate": "蓝光电影,24&&蓝光影视,25&&蓝光动漫,26&&蓝光纪录片,31&&蓝光MV,32&&蓝光综艺,33",
      "click": true,
      "wePlus": {}
    },
    {
      "id": 1,
      "name": "★★★速影",
      "url": "https://xn--128-zm3fr26s.xyz/inc/api.php",
      "cate": "综艺,3&&动漫,4&&动作片,5&&喜剧片,6&&爱情片,7&&科幻片,8&&恐怖片,9&&剧情片,10&&战争片,11&&国产剧,12&&欧美剧,15&&日本剧,16&&韩国剧,17&&香港剧,18&&台湾剧,19&&海外剧,21&&纪录片,20",
      "click": true,
      "wePlus": {}
    },
    {
      "id": 1,
      "name": "★★★宅看",
      "url": "https://www.zhaikanys.com/api.php/provide/vod/at/xml/",
      "cate": "动漫,4&&动漫电影,22&&动作片,6&&喜剧片,7&&爱情片,8&&科幻片,9&&恐怖片,10&&剧情片,11&&战争片,12&&国产剧,13&&港台剧,14&&日韩剧,15&&欧美剧,16&&4K专区,20",
      "click": true,
      "wePlus": {}
    },
    {
      "id": 1,
      "name": "★★★百度云",
      "url": "https://m3u8.apibdzy.com/api.php/provide/vod/at/xml",
      "cate": "动作片,21&&喜剧片,22&&爱情片,23&&科幻片,24&&恐怖片,25&&动画片,28&&国产剧,32&&韩国剧,59&&美国剧,35&&日本剧,34&&大陆综艺,37&&日韩综艺,38&&国产动漫,42&&日韩动漫,43&&欧美动漫,44",
      "click": true,
      "wePlus": {}
    },
    {
      "id": 1,
      "name": "★★★阿里云",
      "url": "http://www.cqzyw.net:88/api.php/provide/vod/at/xml/",
      "cate": "动作片,6&&喜剧片,7&&爱情片,8&&科幻片,9&&恐怖片,10&&欧美剧,16&&日韩剧,15&&国产剧,13&&港台剧,14&&综艺,3&&动漫,4&&动漫电影,20&&纪录片,21",
      "click": true,
      "wePlus": {}
    },
    {
      "id": 1,
      "name": "★★★9E看看",
      "url": "https://www.9ekk.com/api.php/provide/vod/at/xml/",
      "cate": "电影,1&&连续剧,2&&综艺,3&&动漫,4&&动作片,6&&喜剧片,7&&爱情片,8&&科幻片,9&&恐怖片,10&&剧情片,11&&战争片,12&&国产剧,13&&港台剧,14&&日韩剧,15&&欧美剧,16&&伦理片,20&&写真,21&&国语配音电影,22&&最近热播电影,24&&最近热播电视剧,25&&热门综艺,26&&热播动漫,27&&国语配音剧集,28&&热播美剧,29",
      "click": true,
      "wePlus": {}
    },
    {
      "id": 1,
      "name": "★★★樱花动漫",
      "url": "http://www.zkk7.com/api.php/provide/vod/at/xml/",
      "cate": "国产动漫,2&&日本动漫,3&&美国动漫,4&&其他动漫,20",
      "click": true,
      "wePlus": {}
    },
    {
      "id": 1,
      "name": "★★☆HD影院",
      "url": "http://www.ihdtvw.com/api.php/provide/vod/at/xml/",
      "cate": "动作片,6&&喜剧片,7&&爱情片,8&&科幻片,9&&恐怖片,10&&剧情片,11&&战争片,12&&国产剧,13&&香港剧,14&&日本剧,15&&欧美剧,16&&内地综艺,20&&日韩综艺,21&&国产动漫,22&&日韩动漫,23&&欧美动漫,24&&港台综艺,25&&港台动漫,26&&欧美综艺,27&&纪录片,29",
      "click": true,
      "wePlus": {}
    },
    {
      "id": 1,
      "name": "★★☆共青春",
      "url": "http://gqcyy.com/api.php/provide/vod/at/xml/",
      "cate":"综艺,3&&动漫,4&&动作片,6&&喜剧片,7&&爱情片,8&&科幻片,9&&恐怖片,10&&剧情片,11&&战争片,12&&大陆剧,13&&TVB,14&&韩剧,15&&美剧,16&&日剧,20&&海外剧,21&&台剧,22&&福利,23&&纪录片,26",
      "click": true,
      "wePlus": {}
    },
    {
      "id": 1,
      "name": "★★☆安逸影院",
      "url": "http://dy.51isu.com:11801/api.php/provide/vod/at/xml/",
      "cate": "综艺,3&&动漫,4&&动作片,6&&喜剧片,7&&爱情片,8&&科幻片,9&&恐怖片,10&&剧情片,11&&战争片,12&&国产剧,13&&港台剧,14&&日韩剧,15&&欧美剧,16",
      "click": true,
      "wePlus": {}
    },
    {
      "id": 1,
      "name": "★★☆逗看影视",
      "url": "https://www.doukanzy.com/api.php/provide/vod/at/xml/",
      "cate": "连续剧,2&&综艺,3&&动漫,4&&动作片,6&&喜剧片,7&&爱情片,8&&科幻片,9&&恐怖片,10&&剧情片,11&&战争片,12&&国产剧,13&&港台剧,14&&日韩剧,15&&欧美剧,16",
      "click": true,
      "wePlus": {}
    },
    {
      "id": 1,
      "name": "★★☆被窝影视",
      "url": "https://www.beiwoysw.com/api.php/provide/vod/at/xml",
      "cate": "综艺,3&&动漫,4&&动作片,6&&喜剧片,7&&爱情片,8&&科幻片,9&&恐怖片,10&&剧情片,11&&战争片,12&&国产剧,13&&港台剧,14&&日韩剧,15&&欧美剧,16&&泰国剧,30",
      "click": true,
      "wePlus": {}
    },
    {
      "id": 1,
      "name": "★★☆酷云2",
      "url": "http://caiji.kuyun98.com/inc/ldg_api.php",
      "cate": "综艺,3&&动漫,4&&动画片,16&&动作片,5&&喜剧片,6&&爱情片,7&&科幻片,8&&恐怖片,9&&剧情片,10&&战争片,11&&国产剧,12&&香港剧,13&&台湾剧,14&&日本剧,15&&韩国剧,19&&欧美剧,20&&海外剧,21&&微电影,17&&纪录片,18&&伦理片,22",
      "click": true,
      "wePlus": {}
    },
    {
      "id": 1,
      "name": "★★☆39影视",
      "url": "https://www.39kan.com/api.php/provide/vod/at/xml/",
      "cate": "动漫,4&&动作片,6&&喜剧片,7&&爱情片,8&&科幻片,9&&恐怖片,10&&剧情片,11&&战争片,12&&国产剧,13&&港台剧,14&&日韩剧,15&&欧美剧,16",
      "click": true,
      "wePlus": {}
    },
    {
      "id": 1,
      "name": "★★☆209云",
      "url": "http://cj.1156zy.net/inc/33uuck.php",
      "cate": "动作片,5&&喜剧片,6&&爱情片,7&&科幻片,8&&恐怖片,9&&国产剧,10&&韩国剧,11&&美国剧,15&&日本剧,20&&综艺,3&&动漫,4",
      "click": true,
      "wePlus": {}
    },
    {
      "id": 1,
      "name": "★★☆永久云",
      "url": "http://cj.yongjiuzyw.com/inc/yjm3u8.php",
      "cate": "综艺,3&&动漫,4&&动作片,5&&喜剧片,6&&爱情片,7&&科幻片,8&&恐怖片,9&&剧情片,10&&战争片,11&&国产剧,12&&香港剧,13&&韩国剧,16&&欧美剧,15&&台湾剧,17&&日本剧,14&&泰国剧,22&&vip,25",
      "click": true,
      "wePlus": {}
    },
    {
      "id": 1,
      "name": "★★☆最大云",
      "url": "http://www.zdziyuan.com/inc/api_zuidam3u8.php",
      "cate": "动作片,5&&喜剧片,6&&爱情片,7&&科幻片,8&&恐怖片,9&&国产剧,10&&韩国剧,11&&美国剧,15&&日本剧,20&&综艺,3&&动漫,4&&福利,16",
      "click": true,
      "wePlus": {}
    },
    {
      "id": 1,
      "name": "★★☆77看片",
      "url": "https://www.77kpp.com/inc/api.php",
      "cate": "综艺,3&&动漫,4&&动作片,6&&喜剧片,7&&爱情片,8&&科幻片,9&&恐怖片,10&&剧情片,11&&战争片,12&&国产剧,13&&港台剧,14&&日韩剧,15&&欧美剧,16",
      "click": true,
      "wePlus": {}
    },
    {
      "id": 1,
      "name": "★★☆最新资源",
      "url": "http://api.zuixinapi.com/inc/api.php",
      "cate": "综艺,3&&动漫,4&&动作片,5&&喜剧片,6&&爱情片,7&&科幻片,8&&恐怖片,9&&剧情片,10&&战争片,11&&犯罪片,22&&奇幻片,24&&惊悚片,25&&国产剧,12&&香港剧,13&&韩国剧,14&&欧美剧,15&&台湾剧,16&&日本剧,17&&海外剧,18&&纪录片,19&&情色片,23",
      "click": true,
      "wePlus": {}
    },
    {
      "id": 1,
      "name": "★★☆TVB云",
      "url": "https://www.hktvyb.com/api.php/provide/vod/at/xml/",
      "cate": "综艺,3&&动漫,4&&动作片,6&&喜剧片,7&&爱情片,8&&科幻片,9&&恐怖片,10&&剧情片,11&&战争片,12&&国产剧,13&&港台剧,14&&日韩剧,15&&欧美剧,16&&港产片,21",
      "click": true,
      "wePlus": {}
    },
    {
      "id": 1,
      "name": "★★☆追剧吧",
      "url": "http://www.huaxiab.com/api.php/provide/vod/at/xml/",
      "cate": "综艺,3&&动漫,4&&动作片,6&&喜剧片,7&&爱情片,8&&科幻片,9&&恐怖片,10&&剧情片,11&&战争片,12&&国产剧,13&&港台剧,14&&日韩剧,15&&欧美剧,16&&泰国剧,30",
      "click": true,
      "wePlus": {}
    },
    {
      "id": 1,
      "name": "★★☆123云",
      "url": "http://cj.123ku2.com:12315/inc/123kum3u8.php",
      "cate": "动作片,5&&喜剧片,6&&爱情片,7&&科幻片,8&&恐怖片,9&&国产剧,10&&韩国剧,11&&美国剧,15&&日本剧,19&&综艺,3&&动漫,4",
      "click": true,
      "wePlus": {}
    },
    {
      "id": 1,
      "name": "★★☆人人影院",
      "url": "https://www.rryy99.com/api.php/provide/vod/at/xml/",
      "cate": "综艺,3&&动漫,4&&动作片,6&&喜剧片,7&&爱情片,8&&科幻片,9&&恐怖片,10&&剧情片,11&&战争片,12&&国产剧,13&&港台剧,14&&日韩剧,15&&欧美剧,16&&悬疑片,20&&纪录片,21&&海外剧,22&&动画片,23&&蓝光资源,24&&其他剧,25&&古装片,26&&青春片,27&&番剧,29&&站,30&&站电影,31&&站国产剧,32&&站动漫,33&&站纪录片,34&&影视解说,35&&国创,36&&站港台剧,37&&站日韩剧,38&&站欧美剧,39",
      "click": true,
      "wePlus": {}
    },
    {
      "id": 1,
      "name": "★☆☆OK资源",
      "url": "http://cj.okzy.tv/inc/api.php",
      "cate": "动漫电影,36&&内地综艺,26&&动作片,5&&喜剧片,6&&爱情片,7&&科幻片,8&&恐怖片,9&&剧情片,10&&战争片,11&&国产剧,12&&香港剧,13&&韩国剧,14,&&欧美剧,15&&台湾剧,16&&日本剧,17&&泰国剧,35&&海外剧,18&&纪录片,19&&微电影,20&&国产动漫,23&&日韩动漫,24&&欧美动漫,25&&港台动漫,31&&海外动漫,32&&港台综艺,27&&日韩综艺,28&&欧美综艺,29&&伦理片,21&&福利片,22",
      "click": true,
      "wePlus": {}
    },
    {
      "id": 1,
      "name": "★☆☆沃酷云",
      "url": "http://api.wokuzy.com/api/xml/wokum3u8_s",
      "cate": "动作片,5&&喜剧片,6&&爱情片,7&&科幻片,8&&恐怖片,9&&国产剧,14&&韩国剧,16&&美国剧,17&&日本剧,19&&综艺,3&&动漫,4",
      "click": true,
      "wePlus": {}
    },
    {
      "id": 1,
      "name": "★☆☆聚合云",
      "url": "http://caiji.kuyun98.com/inc/ldg_api.php",
      "cate": "动作片,5&&喜剧片,6&&爱情片,7&&科幻片,8&&恐怖片,9&&国产剧,12&&韩国剧,14&&美国剧,15&&日本剧,17&&大陆综艺,32&&日韩综艺,31&&国产动漫,25&&日本动漫,27&&欧美动漫,26",
      "click": true,
      "wePlus": {}
    },

    {
      "id": 1,
      "name": "★☆☆快播云",
      "url": "http://www.kuaibozy.com/api.php/provide/vod/from/kbm3u8/at/xml/",
      "cate": "动作片,6&&喜剧片,7&&爱情片,8&&科幻片,9&&恐怖片,10&&国产剧,13&&日韩剧,15&&美国剧,16&&综艺,3&&动漫,4",
      "click": true,
      "wePlus": {}
    },
    {
      "id": 1,
      "name": "★☆☆106云",
      "url": "http://106.53.96.250/api.php/provide/vod/at/xml/",
      "cate": "电影,1&&连续剧,2&&综艺,3&&动漫,4&&动作片,6&&喜剧片,7&&爱情片,8&&科幻片,9&&恐怖片,10&&剧情片,11&&战争片,12&&国产剧,13&&港台剧,14&&日韩剧,15&&欧美剧,16&&海外,20&&记录片,21",
      "click": true,
      "wePlus": {}
    },
    {
      "id": 1,
      "name": "★☆☆麻花资源",
      "url": "http://www.mhapi123.com/inc/ldg_api.php",
      "cate": "综艺,3&&动漫,4&&动作片,5&&喜剧片,6&&爱情片,7&&科幻片,8&&恐怖片,9&&剧情片,10&&战争片,11&&国产剧,12&&台湾剧,13&&韩国剧,14&&欧美剧,15&&香港剧,16&&泰国剧,17&&日本剧,18&&纪录片,20&&福利,19",
      "click": true,
      "wePlus": {}
    },
    {
      "id": 1,
      "name": "18X IXX资源",
      "url": "http://api.iixxzyapi.com/inc/api.php",
      "cate": "自拍,5&&亚洲,6&&欧美,7&&动漫,8&&伦理,9&&一本道,10&&JavHd,11&&中字,17&&无码,12&&福利,16",
      "click": true,
      "wePlus": {}
    },
    {
      "id": 1,
      "name": "18X 七七资源",
      "url": "https://www.77zyw.xyz/inc/api.php",
      "cate": "亚洲无码,16&&亚洲有码,17&&自拍,18&&欧美,19&&动漫,20&&偷拍,27&&另类,26&&国产高清,25&&写真,24&&中字,23&&乱乱,28&&Luo聊,29",
      "click": true,
      "wePlus": {}
    },
    {
      "id": 1,
      "name": "18X 三合资源",
      "url": "https://www.3heyingshi.com/api.php/provide/vod/at/xml/",
      "cate": "亚洲,1&&日韩,2&&国产,3&&欧美,4&&中文,5&&VIP,6&&御女,7&&动漫,8&&人兽,20&&幼幼,21&&强奸,22&&人妻,23&&乱伦,24&&重口,25&&偷拍自拍,26&&主播,27&&制服,28&&热播,29&&明星美女,30&&野战,31",
      "click": true,
      "wePlus": {}
    },
    {
      "id": 1,
      "name": "18X 大地资源",
      "url": "https://dadiapi.com/api.php",
      "cate": "日韩无码,1&&强奸乱伦,2&&欧美精品,3&&国产精品,4&&日韩精品,23&&动漫精品,20&&伦理影片,22&&偷拍自拍,27&&制服诱惑,25&&中文字幕,18&&有码视频,28&&人妻系列,16&&3p合集,32&&sm重口,40&&自慰系列,39",
      "click": true,
      "wePlus": {}
    },
    {
      "id": 1,
      "name": "18X 快活资源",
      "url": "https://www.khzyapi.com/api.php/provide/vod/at/xml/",
      "cate": "无码,1&&多人,2&&制服,3&&美乳,4&&自拍,5&&中字,6&&动漫,7&&欧美,8&&主播,9&&国自,10&&国偷,11&&萝莉,12&&女同,13&&人妖,14&&强乱,16",
      "click": true,
      "wePlus": {}
    },
    {
      "id": 1,
      "name": "18X 色色资源",
      "url": "http://m.7777688.com/inc/api.php",
      "cate": "自拍,2&&自慰,3&&动漫,4&&巨乳,5&&强乱,6&&人妻,7&&制服,8&&少女,9&&无码,10&&欧美,11&&多人,12&&中字,13&&韩货,19&&明星,18&&网红,20",
      "click": true,
      "wePlus": {}
    },
    {
      "id": 1,
      "name": "18X 辣椒资源",
      "url": "http://api.11bat.com/mac10.php",
      "cate": "国产自拍,1&&欧美极品,2&&日韩无码,3&&日韩有码,4&&中文字幕,20&&动漫精品,21&&极骚萝莉,22&&人妖,23&&重口,24&&三级,25&&强乱,26&&格斗,27&&辣椒,28&&KeyZo,31&&绝美少女,37&&首次亮相,38",
      "click": true,
      "wePlus": {}
    },
    {
      "id": 1,
      "name": "18X 鲨鱼资源",
      "url": "https://shayuapi.com/api.php/provide/vod/at/xml/",
      "cate": "国产情色,1&&日本无码,2&&日本有码,3&&中文字幕,20&&网红主播,21&&成人动漫,22&&欧美情色,23&&国模私拍,24&&长腿丝袜,25&&邻家人妻,26&&韩国伦理,27&&香港伦理,28&&精品推荐,31",
      "click": true,
      "wePlus": {}
    },
    {
      "id": 1,
      "name": "18X AV88资源",
      "url": "http://m.7777688.com/inc/api.php",
      "cate": "韩国淫案,19&&明星淫梦,18&&自拍偷拍,2&&三级自慰,3&&成人动漫,4&&巨乳波霸,5&&强奸乱伦,6&&人妻熟女,7&&制服丝袜,8&&花季少女,9&&无码露毛,10&&欧美色情,11&&群P多人,12&&中文字幕,13&&网红主播,20",
      "click": true,
      "wePlus": {}
    }
]
}