[
  {
    "key": "3bLn0k",
    "id": 1,
    "name": "★★★速影TV",
    "api": "https://xn--128-zm3fr26s.xyz/inc/api.php",
    "download": "",
    "jiexiUrl": "",
    "group": "优质",
    "isActive": true,
    "status": "可用"
  },
  {
    "key": "uJFwI9",
    "id": 2,
    "name": "★★★4K鱼",
    "api": "http://4kyu.cc/api.php/provide/vod/at/xml/",
    "download": "",
    "jiexiUrl": "",
    "group": "优质",
    "isActive": true
  },
  {
    "key": "wXN0U6",
    "id": 3,
    "name": "★★★百度云",
    "api": "https://m3u8.apibdzy.com/api.php/provide/vod/at/xml",
    "download": "",
    "jiexiUrl": "https://pay.520yk.cn/256/?url=",
    "group": "优质",
    "isActive": true,
    "status": "可用"
  },
  {
    "key": "nGG3uh",
    "id": 4,
    "name": "★★★宅看影视",
    "api": "https://www.zhaikanys.com/api.php/provide/vod/at/xml/",
    "download": "",
    "jiexiUrl": "",
    "group": "优质",
    "isActive": true,
    "status": "可用"
  },
  {
    "key": "Bzzthj",
    "id": 5,
    "name": "★★★萝卜资源",
    "api": "http://cj.lby.pet/api.php/provide/vod/at/xml/",
    "download": "",
    "jiexiUrl": "",
    "group": "优质",
    "isActive": true,
    "status": "失效"
  },
  {
    "key": "QzO6m9",
    "id": 6,
    "name": "★★★追了吗",
    "api": "https://api.88jiexi.com/api.php/provide/vod/at/xml/",
    "download": "",
    "jiexiUrl": "https://pay.520yk.cn/256/?url=",
    "group": "优质",
    "isActive": true,
    "status": "可用"
  },
  {
    "key": "1717云资源网",
    "id": 7,
    "name": "★★★1717云",
    "api": "http://zy.itono.cn/inc/api.php",
    "download": "",
    "jiexiUrl": "https://www.1717yun.com/jiexi/?url=",
    "group": "优质",
    "isActive": true,
    "status": "可用"
  },
  {
    "key": "7K资源",
    "id": 8,
    "name": "★★★7K资源",
    "api": "https://zy.7kjx.com/cjapi.php",
    "download": "",
    "jiexiUrl": "https://jx.7kjx.com/?url=",
    "group": "优质",
    "isActive": true,
    "status": "可用"
  },
  {
    "key": "nzTpdM",
    "id": 9,
    "name": "★★★阿里云",
    "api": "http://cqzyw.net:25535/api.php/provide/vod/at/xml/",
    "download": "",
    "jiexiUrl": "https://www.m3u8play.com/?play=",
    "group": "优质",
    "isActive": true,
    "status": "失效"
  },
  {
    "key": "qnqcD5",
    "id": 10,
    "name": "★★★樱花动漫",
    "api": "http://www.zkk7.com/api.php/provide/vod/at/xml/",
    "download": "",
    "jiexiUrl": "",
    "group": "优质",
    "isActive": true,
    "status": "失效"
  },
  {
    "key": "oAPeO4",
    "id": 11,
    "name": "★★★9E看看",
    "api": "https://www.9ekk.com/api.php/provide/vod/at/xml/",
    "download": "",
    "jiexiUrl": "",
    "group": "优质",
    "isActive": true,
    "status": "失效"
  },
  {
    "key": "V3JXns",
    "id": 12,
    "name": "★★★明日影视",
    "api": "http://zy.zcocc.com/api.php/provide/vod/at/xml/",
    "download": "",
    "jiexiUrl": "https://jx.yingxiangbao.cn/vip.php?url=",
    "group": "优质",
    "isActive": true,
    "status": "可用"
  },
  {
    "key": "ONjckU",
    "id": 13,
    "name": "★★☆被窝影视",
    "api": "https://www.beiwoysw.com/api.php/provide/vod/at/xml",
    "download": "",
    "jiexiUrl": "",
    "group": "高质",
    "isActive": true,
    "status": "可用"
  },
  {
    "key": "kuyunzy",
    "id": 14,
    "name": "★★☆酷云2",
    "api": "http://caiji.kuyun98.com/inc/ldg_api.php",
    "download": "http://caiji.kuyun98.com/inc/apidown.php",
    "jiexiUrl": "https://pay.520yk.cn/256/?url=",
    "group": "高质",
    "isActive": true,
    "status": "可用"
  },
  {
    "key": "209zy",
    "id": 15,
    "name": "★★☆209云",
    "api": "http://cj.1156zy.net/inc/33uuck.php",
    "download": "http://cj.1156zy.com/inc/api.php",
    "jiexiUrl": "",
    "group": "高质",
    "isActive": true,
    "status": "可用"
  },
  {
    "key": "yongjiuzy",
    "id": 16,
    "name": "★★☆永久云",
    "api": "http://cj.yongjiuzyw.com/inc/api.php",
    "download": "",
    "jiexiUrl": "",
    "group": "高质",
    "isActive": true,
    "status": "可用"
  },
  {
    "key": "zuidazy",
    "id": 17,
    "name": "★★☆最大云",
    "api": "http://www.zdziyuan.com/inc/ldg_sea.php",
    "download": "http://www.zdziyuan.com/inc/apidown.php",
    "jiexiUrl": "",
    "group": "高质",
    "isActive": true,
    "status": "可用"
  },
  {
    "key": "eb6jFO",
    "id": 18,
    "name": "★★☆77看片",
    "api": "https://www.77kpp.com/inc/api.php",
    "download": "",
    "jiexiUrl": "https://pay.520yk.cn/256/?url=",
    "group": "高质",
    "isActive": true,
    "status": "可用"
  },
  {
    "key": "ypXiPE",
    "id": 19,
    "name": "★★☆39影视",
    "api": "https://www.39kan.com/api.php/provide/vod/at/xml/",
    "download": "",
    "jiexiUrl": "",
    "group": "高质",
    "isActive": true,
    "status": "失效"
  },
  {
    "key": "A3qRlp",
    "id": 20,
    "name": "★★☆HD影院",
    "api": "http://www.ihdtvw.com/api.php/provide/vod/at/xml/",
    "download": "",
    "jiexiUrl": "",
    "group": "高质",
    "isActive": true,
    "status": "可用"
  },
  {
    "key": "dUqYim",
    "id": 21,
    "name": "★★☆逗看影视",
    "api": "https://www.doukanzy.com/api.php/provide/vod/at/xml/",
    "download": "",
    "jiexiUrl": "",
    "group": "高质",
    "isActive": true,
    "status": "可用"
  },
  {
    "key": "zuixinzy",
    "id": 22,
    "name": "★★☆最新资源",
    "api": "http://api.zuixinapi.com/inc/api.php",
    "download": "",
    "jiexiUrl": "",
    "group": "高质",
    "isActive": true,
    "status": "可用"
  },
  {
    "key": "BKyPbA",
    "id": 23,
    "name": "★★☆哎旦影视",
    "api": "https://www.lovedan.net/api.php/provide/vod/at/xml/?ac=videolist&pg=1",
    "download": "",
    "jiexiUrl": "",
    "group": "高质",
    "isActive": true,
    "status": "可用"
  },
  {
    "key": "mahuazy",
    "id": 24,
    "name": "★★☆麻花资源",
    "api": "http://www.mhapi123.com/inc/ldg_api.php",
    "download": "",
    "jiexiUrl": "",
    "group": "高质",
    "isActive": true,
    "status": "可用"
  },
  {
    "key": "oUspZN",
    "id": 25,
    "name": "★★☆TVB云播",
    "api": "https://www.hktvyb.com/api.php/provide/vod/at/xml/",
    "download": "",
    "jiexiUrl": "",
    "group": "高质",
    "isActive": true,
    "status": "可用"
  },
  {
    "key": "3rGZQ3",
    "id": 26,
    "name": "★★☆共青春",
    "api": "http://gqcyy.com/api.php/provide/vod/at/xml/",
    "download": "",
    "jiexiUrl": "",
    "group": "高质",
    "isActive": true,
    "status": "可用"
  },
  {
    "key": "bPANPc",
    "id": 27,
    "name": "★★☆追剧吧",
    "api": "http://www.huaxiab.com/api.php/provide/vod/at/xml/",
    "download": "",
    "jiexiUrl": "",
    "group": "高质",
    "isActive": true,
    "status": "可用"
  },
  {
    "key": "c8op7D",
    "id": 28,
    "name": "★★☆安逸影院",
    "api": "http://dy.51isu.com:11801/api.php/provide/vod/at/xml/",
    "download": "",
    "jiexiUrl": "",
    "group": "高质",
    "isActive": true,
    "status": "可用"
  },
  {
    "key": "h0Wuz8",
    "id": 29,
    "name": "★★☆穿梭资源",
    "api": "http://ok.888hyk.com/api.php/provide/vod/at/xml/",
    "download": "",
    "jiexiUrl": "",
    "group": "高质",
    "isActive": true,
    "status": "可用"
  },
  {
    "key": "123ku",
    "id": 30,
    "name": "★★☆123云-快",
    "api": "http://cj.123ku2.com:12315/inc/123kum3u8.php",
    "download": "",
    "jiexiUrl": "",
    "group": "高质",
    "isActive": true,
    "status": "可用"
  },
  {
    "key": "VgJAZm",
    "id": 31,
    "name": "★☆☆酷云-Ad",
    "api": "https://cj.cbi88.com/inc/api_juhem3u8s.php",
    "download": "",
    "jiexiUrl": "",
    "group": "一般",
    "isActive": true,
    "status": "可用"
  },
  {
    "key": "1886zy",
    "id": 32,
    "name": "★☆☆1886资源",
    "api": "http://cj.1886zy.co/inc/api.php",
    "download": "",
    "jiexiUrl": "",
    "group": "一般",
    "isActive": true,
    "status": "可用"
  },
  {
    "key": "okzy",
    "id": 33,
    "name": "★☆☆OK资源",
    "api": "http://cj.okzy.tv/inc/api.php",
    "download": "http://cj.okzy.tv/inc/apidown.php",
    "jiexiUrl": "",
    "group": "一般",
    "isActive": true,
    "status": "可用"
  },
  {
    "key": "kubozy",
    "id": 34,
    "name": "☆☆☆酷播云-差",
    "api": "http://api.kbzyapi.com/inc/api.php",
    "download": "",
    "jiexiUrl": "",
    "group": "一般",
    "isActive": true,
    "status": "可用"
  },
  {
    "key": "Q1prXo",
    "id": 35,
    "name": "★☆☆快播云",
    "api": "http://www.kuaibozy.com/api.php/provide/vod/from/kbm3u8/at/xml/",
    "download": "",
    "jiexiUrl": "",
    "group": "一般",
    "isActive": true,
    "status": "可用"
  },
  {
    "key": "oQQTNL",
    "id": 36,
    "name": "★☆☆八戒云",
    "api": "http://cj.bajiecaiji.com/inc/bjm3u8.php",
    "download": "",
    "jiexiUrl": "",
    "group": "一般",
    "isActive": true,
    "status": "可用"
  },
  {
    "key": "tnS1Sw",
    "id": 37,
    "name": "★☆☆新奇遇",
    "api": "https://www.newqiyu.com/api.php/provide/vod/at/xml/",
    "download": "",
    "jiexiUrl": "",
    "group": "一般",
    "isActive": true,
    "status": "可用"
  },
  {
    "key": "SWhhxu",
    "id": 38,
    "name": "★☆☆2020影院",
    "api": "https://2020yy.com/inc/api.php",
    "download": "",
    "jiexiUrl": "",
    "group": "一般",
    "isActive": true,
    "status": "可用"
  },
  {
    "key": "cFfbpU",
    "id": 39,
    "name": "★☆☆一狐影视",
    "api": "http://1hutv.com/api.php/provide/vod/at/xml/",
    "download": "",
    "jiexiUrl": "",
    "group": "一般",
    "isActive": false,
    "status": "失效"
  },
  {
    "key": "YL3vz4",
    "id": 40,
    "name": "★☆☆太初电影",
    "api": "https://www.tcmove.com/api.php/provide/vod/at/xml/",
    "download": "",
    "jiexiUrl": "",
    "group": "一般",
    "isActive": true,
    "status": "可用"
  },
  {
    "key": "lajiaozy",
    "id": 41,
    "name": "18x 辣椒资源",
    "api": "http://api.11bat.com/mac10.php",
    "download": "",
    "jiexiUrl": "",
    "group": "福利",
    "isActive": true
  },
  {
    "key": "F3dAWq",
    "id": 42,
    "name": "18x 尤果资源",
    "api": "https://www.ugvapi.com/inc/zyapimac.php",
    "download": "",
    "jiexiUrl": "",
    "group": "福利",
    "isActive": true
  },
  {
    "key": "ixxzya",
    "id": 43,
    "name": "18x IXX 资源",
    "api": "http://api.iixxzyapi.com/inc/api.php",
    "download": "http://api.iixxzyapi.com/inc/apidown.php",
    "jiexiUrl": "",
    "group": "福利",
    "isActive": true
  },
  {
    "key": "khzy",
    "id": 44,
    "name": "18x 快活资源",
    "api": "https://www.khzyapi.com/api.php/provide/vod/at/xml/",
    "download": "",
    "jiexiUrl": "",
    "group": "福利",
    "isActive": true
  },
  {
    "key": "qz492Y",
    "id": 46,
    "name": "18x 七七资源",
    "api": "https://www.77zyw.xyz/inc/api.php",
    "download": "",
    "jiexiUrl": "",
    "group": "福利",
    "isActive": true
  },
  {
    "key": "Tuyoxk",
    "id": 47,
    "name": "18x 三合资源",
    "api": "https://www.3heyingshi.com/api.php/provide/vod/at/xml/",
    "download": "",
    "jiexiUrl": "",
    "group": "福利",
    "isActive": true
  },
  {
    "key": "jiali",
    "id": 48,
    "name": "18x 佳丽 TV",
    "api": "https://jialiapi.com/api.php/provide/vod/at/xml/",
    "download": "",
    "jiexiUrl": "",
    "group": "福利",
    "isActive": true
  },
  {
    "key": "agzy",
    "id": 50,
    "name": "18x 环亚资源",
    "api": "http://wmcj8.com/inc/sapi.php",
    "download": "",
    "jiexiUrl": "",
    "group": "福利",
    "isActive": true
  },
  {
    "key": "dadizy",
    "id": 51,
    "name": "18x 大地资源",
    "api": "https://dadiapi.com/api.php",
    "download": "",
    "jiexiUrl": "",
    "group": "福利",
    "isActive": true
  },
  {
    "key": "4btciy",
    "id": 55,
    "name": "18x 鲨鱼资源",
    "api": "https://shayuapi.com/api.php/provide/vod/at/xml/",
    "download": "",
    "jiexiUrl": "",
    "group": "福利",
    "isActive": true
  },
  {
    "key": "vJQZTA",
    "id": 56,
    "name": "18x 独家资源",
    "api": "http://dujiazy3.com/api.php/provide/vod/at/xml/",
    "download": "",
    "jiexiUrl": "",
    "group": "福利",
    "isActive": true
  },
  {
    "key": "RRvupO",
    "id": 58,
    "name": "18x AV88资源",
    "api": "http://m.7777688.com/inc/api.php",
    "download": "",
    "jiexiUrl": "",
    "group": "福利",
    "isActive": true
  }
]