{
  "data": [
    {
      "id": 1,
      "name": "☆☆☆1886云",
      "url": "http://cj.1886zy.co/inc/api.php",
      "cate": "综艺,3&&动漫,4&&动作片,5&&喜剧片,6&&爱情片,7&&科幻片,8&&恐怖片,9&&剧情片,10&&战争片,11&&国产剧,12&&港台剧,13&&日剧,14&&欧美剧,15&&韩剧,17&&泰剧,18&&泰剧,20&&VIP,21",
      "click": true,
      "wePlus": {}
    },
    {
      "id": 1,
      "name": "☆☆☆天空云",
      "url": "https://m3u8.tiankongapi.com/api.php/provide/vod/at/xml/",
      "cate": "动作片,6&&喜剧片,7&&爱情片,8&&科幻片,9&&恐怖片,10&&国产剧,13&&韩国剧,26&&美国剧,16&&日本剧,24&&大陆综艺,33&&日韩综艺,34&&国产动漫,28&&日本动漫,29&&欧美动漫,30",
      "click": true,
      "wePlus": {}
    },
    {
      "id": 1,
      "name": "★☆☆酷播云",
      "url": "http://api.kbzyapi.com/inc/api.php",
      "cate": "动漫,4&&福利,14&&动作,5&&喜剧,6&&爱情,7&&科幻,8&&恐怖,9&&剧情,10&战争,11&&奇幻,23&&国产剧,12&&台湾剧,13&&欧美剧,15&&泰国剧,17&&韩国剧,19&&日本剧,20&&香港剧,22&&海外剧,24",
      "click": true,
      "wePlus": {}
    },
    {
      "id": 1,
      "name": "速播云--卡,画质差",
      "url": "http://www.subo988.com/inc/maccms_subom3u8.php",
      "cate": "动作片,5&&喜剧片,6&&爱情片,7&&科幻片,8&&恐怖片,9&&国产剧,12&&韩国剧,18&&美国剧,15&&日本剧,14&&综艺,3&&动漫,4&&福利,16",
      "click": true,
      "wePlus": {}
    },
    {
      "id": 1,
      "name": "八戒云--卡,画质差",
      "url": "http://cj.bajiecaiji.com/inc/bjm3u8.php",
      "cate": "动作片,5&&喜剧片,6&&爱情片,7&&科幻片,8&&恐怖片,9&&国产剧,12&&韩国剧,14&&美国剧,15&&日本剧,17&&内地综艺,96日韩综艺,97&&国产动漫,91&&日本动漫,92&&欧美动漫,93&&韩国美女,53&&展会美女,48&&主播美女,95",
      "click": true,
      "wePlus": {}
    },
    {
      "id": 1,
      "name": "酷云1--卡,画质差,广告多",
      "url": "https://cj.cbi88.com/inc/api_juhem3u8s.php",
      "cate": "综艺,3&&动漫,4&&动画片,16&&动作片,5&&喜剧片,6&&爱情片,7&&科幻片,8&&恐怖片,9&&剧情片,10&&战争片,11&&国产剧,12&&香港剧,13&&台湾剧,14&&日本剧,15&&韩国剧,19&&欧美剧,20&&海外剧,21&&微电影,17&&纪录片,18&&伦理片,22",
      "click": true,
      "wePlus": {}
    },
    {
      "id": 1,
      "name": "人人美剧-有接口,但无法播放",
      "url": "https://www.rrzy.cc/api.php/provide/vod/from/rrm3u8/at/xml/",
      "cate": "科幻动作,12&&科幻片,5&&喜剧片,19&&恐怖片,20&&悬疑烧脑,10&&日韩片,14&&动作片,15&&爱情片,21&&剧情片,22&&欧美片,6&&国产剧,26&&综艺选秀,9&&喜剧青春,11&&动漫卡通,16&&精英文艺,18&&韩剧,24&&电视台直播,25",
      "click": true,
      "wePlus": {}
    },
    {
      "id": 1,
      "name": "88云-无法播放",
      "url": "http://www.88zyw.net/inc/m3u8.php",
      "cate": "动作片,5&&喜剧片,6&&爱情片,7&&科幻片,8&&恐怖片,9&&国产剧,12&&韩国剧,14&&美国剧,15综艺,3&&国产动漫,22&&日本动漫,21&&欧美动漫,23&&性感,18&&里番,24",
      "click": true,
      "wePlus": {}
    },
    {
      "id": 1,
      "name": "秒播云--不能播",
      "url": "http://caiji.mb77.vip/inc/mbckm3u8.php",
      "cate": "动作片,5&&喜剧片,6&&爱情片,7&&科幻片,8&&恐怖片,9&&国产剧,12&&韩国剧,14&&美国剧,15&&日本剧,17&&综艺,3&&国产动漫,23&&日本动漫,24&&欧美动漫,26",
      "click": true,
      "wePlus": {}
    },
    {
      "id": 1,
      "name": "玖玖资源",
      "url": "http://99zywcj.com/inc/ck.php",
      "cate": "美女写真,16&&国产精品,5&&无码专区,10&&中文字幕,7&&强奸乱伦,4&&人妻熟女,9&&亚洲情色,1&&制服丝袜,2&&SM捆绑,3&&自淫系列,14&&拳交系列,15",
      "click": true,
      "wePlus": {}
    },
    {
      "id": 1,
      "name": "字幕网资源",
      "url": "http://zmcj88.com/api",
      "cate": "无码中文av,14&&强奸中文av,2&&巨乳中文av,3&&乱伦中文av,4&&制服中文av,5&&人妻中文av,8&&调教中文av,9&&出轨中文av,10",
      "click": true,
      "wePlus": {}
    },
    {
      "id": 1,
      "name": "狼少年资源",
      "url": "http://cjmygzy.com/inc/api.php",
      "cate": "明星淫梦,24&&VR有码,14&&VR无码,21&&人兽,19&&人妖,20&&男同,15&&女同,16&&亚洲情色,1&&强奸乱伦,4&&偷拍自拍,5&&风骚寡妇,9&&制服师生,2&&欧美性爱,8&&JAV高清,12&&动漫,25",
      "click": true,
      "wePlus": {}
    },
    {
      "id": 1,
      "name": "富二代资源",
      "url": "http://f2dcj6.com/api",
      "cate": "国产精品,10&&福利姬,19&&精品三级,11&&主播大秀,14&&抖阴视频,13&&国模私拍,17&&【原创】水果派,18&&颜射瞬间,16&&女神学生,1&&美熟少妇,2&&娇妻素人,3&&空姐模特,4&&国产乱伦,5&&自慰群交,6&&野合车震,7&&职场同事,8&&国产名人,9&&网曝门事件,12&&小鸟酱专题,15",
      "click": true,
      "wePlus": {}
    }
]
}