{
  "data": [
    {
      "id": 1,
      "name": "18X 佳丽资源",
      "url": "https://jialiapi.com/api.php/Seacms/vod/",
      "cate": "综艺,2&&动漫,3&&动作片,4&&喜剧片,5&&爱情片,6&&科幻片,7&&恐怖片,8&&剧情片,9&&战争片,10&&国产剧,11&&港台剧,12&&日韩剧,13&&欧美剧,14&&悬疑片,15&&纪录片,16&&海外剧,17&&动画片,18&&蓝光资源,19&&其他剧,20&&古装片,21&&青春片,22&&番剧,23&&站,24&&站电影,25&&站国产剧,26&&站动漫,27&&站纪录片,28&&影视解说,29&&国创,30&&站港台剧,31&&站日韩剧,32&&站欧美剧,33&&动作片1,34&&喜剧片2,35&&爱情片3,36&&科幻片4,37&&恐怖片5,38&&剧情片6,39&&综艺7,40&&动漫8,41&&动作片9,42&&喜剧片10,43&&爱情片11,44&&科幻片12,45&&恐怖片13,46&&剧情片14,47&&战争片15,48&&动漫16,49&&动作片17,50&&喜剧片18,51&&爱情片19,52&&科幻片20,53&&恐怖片21,54&&剧情片22,55&&战争片23,56&&国产剧24,57&&港台剧25,58&&日韩剧26,59&&欧美剧27,60&&悬疑片28,61&&纪录片29,62&&海外剧30,63&&动画片31,64&&蓝光资源32,65&&其他剧33,66&&古装片34,67&&青春片35,68&&番剧36,69&&站37,70&&站电影38,71&&站国产剧39,72&&站动漫40,73&&站纪录片41,74&&影视解说42,75&&国创43,76&&站港台剧44,77&&站日韩剧45,78&&站欧美剧46,79&&综艺47,80&&动漫48,81&&动作片49,82&&喜剧片50,83&&爱情片51,84&&科幻片52,85&&恐怖片53,86&&剧情片54,87&&战争片55,88",
      "click": true,
      "decoder": 1,
      "wePlus": {}
    },
    {
      "id": 1,
      "name": "18X 优果资源",
      "url": "https://www.ugvapi.com/inc/seacmsapi.php",
      "cate": "综艺,2&&动漫,3&&动作片,4&&喜剧片,5&&爱情片,6&&科幻片,7&&恐怖片,8&&剧情片,9&&战争片,10&&国产剧,11&&港台剧,12&&日韩剧,13&&欧美剧,14&&悬疑片,15&&纪录片,16&&海外剧,17&&动画片,18&&蓝光资源,19&&其他剧,20&&古装片,21&&青春片,22&&番剧,23&&站,24&&站电影,25&&站国产剧,26&&站动漫,27&&站纪录片,28&&影视解说,29&&国创,30&&站港台剧,31&&站日韩剧,32&&站欧美剧,33&&动作片1,34&&喜剧片2,35&&爱情片3,36&&科幻片4,37&&恐怖片5,38&&剧情片6,39&&综艺7,40&&动漫8,41&&动作片9,42&&喜剧片10,43&&爱情片11,44&&科幻片12,45&&恐怖片13,46&&剧情片14,47&&战争片15,48&&动漫16,49&&动作片17,50&&喜剧片18,51&&爱情片19,52&&科幻片20,53&&恐怖片21,54&&剧情片22,55&&战争片23,56&&国产剧24,57&&港台剧25,58&&日韩剧26,59&&欧美剧27,60&&悬疑片28,61&&纪录片29,62&&海外剧30,63&&动画片31,64&&蓝光资源32,65&&其他剧33,66&&古装片34,67&&青春片35,68&&番剧36,69&&站37,70&&站电影38,71&&站国产剧39,72&&站动漫40,73&&站纪录片41,74&&影视解说42,75&&国创43,76&&站港台剧44,77&&站日韩剧45,78&&站欧美剧46,79&&综艺47,80&&动漫48,81&&动作片49,82&&喜剧片50,83&&爱情片51,84&&科幻片52,85&&恐怖片53,86&&剧情片54,87&&战争片55,88",
      "click": true,
      "wePlus": {}
    },
    {
      "id": 1,
      "name": "18X 炮台资源",
      "url": "https://www.77zyw.live/inc/seacmsapi.php/",
      "cate": "综艺,2&&动漫,3&&动作片,4&&喜剧片,5&&爱情片,6&&科幻片,7&&恐怖片,8&&剧情片,9&&战争片,10&&国产剧,11&&港台剧,12&&日韩剧,13&&欧美剧,14&&悬疑片,15&&纪录片,16&&海外剧,17&&动画片,18&&蓝光资源,19&&其他剧,20&&古装片,21&&青春片,22&&番剧,23&&站,24&&站电影,25&&站国产剧,26&&站动漫,27&&站纪录片,28&&影视解说,29&&国创,30&&站港台剧,31&&站日韩剧,32&&站欧美剧,33&&动作片1,34&&喜剧片2,35&&爱情片3,36&&科幻片4,37&&恐怖片5,38&&剧情片6,39&&综艺7,40&&动漫8,41&&动作片9,42&&喜剧片10,43&&爱情片11,44&&科幻片12,45&&恐怖片13,46&&剧情片14,47&&战争片15,48&&动漫16,49&&动作片17,50&&喜剧片18,51&&爱情片19,52&&科幻片20,53&&恐怖片21,54&&剧情片22,55&&战争片23,56&&国产剧24,57&&港台剧25,58&&日韩剧26,59&&欧美剧27,60&&悬疑片28,61&&纪录片29,62&&海外剧30,63&&动画片31,64&&蓝光资源32,65&&其他剧33,66&&古装片34,67&&青春片35,68&&番剧36,69&&站37,70&&站电影38,71&&站国产剧39,72&&站动漫40,73&&站纪录片41,74&&影视解说42,75&&国创43,76&&站港台剧44,77&&站日韩剧45,78&&站欧美剧46,79&&综艺47,80&&动漫48,81&&动作片49,82&&喜剧片50,83&&爱情片51,84&&科幻片52,85&&恐怖片53,86&&剧情片54,87&&战争片55,88",
      "click": true,
      "wePlus": {}
    },
    {
      "id": 1,
      "name": "★★★宅看",
      "url": "https://www.zhaikanys.com/api.php/provide/vod/at/xml/",
      "cate": "综艺,2&&动漫,3&&动作片,4&&喜剧片,5&&爱情片,6&&科幻片,7&&恐怖片,8&&剧情片,9&&战争片,10&&国产剧,11&&港台剧,12&&日韩剧,13&&欧美剧,14&&悬疑片,15&&纪录片,16&&海外剧,17&&动画片,18&&蓝光资源,19&&其他剧,20&&古装片,21&&青春片,22&&番剧,23&&站,24&&站电影,25&&站国产剧,26&&站动漫,27&&站纪录片,28&&影视解说,29&&国创,30&&站港台剧,31&&站日韩剧,32&&站欧美剧,33&&动作片1,34&&喜剧片2,35&&爱情片3,36&&科幻片4,37&&恐怖片5,38&&剧情片6,39&&综艺7,40&&动漫8,41&&动作片9,42&&喜剧片10,43&&爱情片11,44&&科幻片12,45&&恐怖片13,46&&剧情片14,47&&战争片15,48&&动漫16,49&&动作片17,50&&喜剧片18,51&&爱情片19,52&&科幻片20,53&&恐怖片21,54&&剧情片22,55&&战争片23,56&&国产剧24,57&&港台剧25,58&&日韩剧26,59&&欧美剧27,60&&悬疑片28,61&&纪录片29,62&&海外剧30,63&&动画片31,64&&蓝光资源32,65&&其他剧33,66&&古装片34,67&&青春片35,68&&番剧36,69&&站37,70&&站电影38,71&&站国产剧39,72&&站动漫40,73&&站纪录片41,74&&影视解说42,75&&国创43,76&&站港台剧44,77&&站日韩剧45,78&&站欧美剧46,79&&综艺47,80&&动漫48,81&&动作片49,82&&喜剧片50,83&&爱情片51,84&&科幻片52,85&&恐怖片53,86&&剧情片54,87&&战争片55,88",
      "click": true,
      "wePlus": {}
    },
    {
      "id": 1,
      "name": "★★★百度云",
      "url": "https://m3u8.apibdzy.com/api.php/provide/vod/at/xml",
      "cate": "综艺,2&&动漫,3&&动作片,4&&喜剧片,5&&爱情片,6&&科幻片,7&&恐怖片,8&&剧情片,9&&战争片,10&&国产剧,11&&港台剧,12&&日韩剧,13&&欧美剧,14&&悬疑片,15&&纪录片,16&&海外剧,17&&动画片,18&&蓝光资源,19&&其他剧,20&&古装片,21&&青春片,22&&番剧,23&&站,24&&站电影,25&&站国产剧,26&&站动漫,27&&站纪录片,28&&影视解说,29&&国创,30&&站港台剧,31&&站日韩剧,32&&站欧美剧,33&&动作片1,34&&喜剧片2,35&&爱情片3,36&&科幻片4,37&&恐怖片5,38&&剧情片6,39&&综艺7,40&&动漫8,41&&动作片9,42&&喜剧片10,43&&爱情片11,44&&科幻片12,45&&恐怖片13,46&&剧情片14,47&&战争片15,48&&动漫16,49&&动作片17,50&&喜剧片18,51&&爱情片19,52&&科幻片20,53&&恐怖片21,54&&剧情片22,55&&战争片23,56&&国产剧24,57&&港台剧25,58&&日韩剧26,59&&欧美剧27,60&&悬疑片28,61&&纪录片29,62&&海外剧30,63&&动画片31,64&&蓝光资源32,65&&其他剧33,66&&古装片34,67&&青春片35,68&&番剧36,69&&站37,70&&站电影38,71&&站国产剧39,72&&站动漫40,73&&站纪录片41,74&&影视解说42,75&&国创43,76&&站港台剧44,77&&站日韩剧45,78&&站欧美剧46,79&&综艺47,80&&动漫48,81&&动作片49,82&&喜剧片50,83&&爱情片51,84&&科幻片52,85&&恐怖片53,86&&剧情片54,87&&战争片55,88",
      "click": true,
      "wePlus": {}
    },
    {
      "id": 1,
      "name": "18X 云霸资源",
      "url": "http://cj.1234567bt.com/api.php/provide/vod/at/xml/",
      "cate": "综艺,2&&动漫,3&&动作片,4&&喜剧片,5&&爱情片,6&&科幻片,7&&恐怖片,8&&剧情片,9&&战争片,10&&国产剧,11&&港台剧,12&&日韩剧,13&&欧美剧,14&&悬疑片,15&&纪录片,16&&海外剧,17&&动画片,18&&蓝光资源,19&&其他剧,20&&古装片,21&&青春片,22&&番剧,23&&站,24&&站电影,25&&站国产剧,26&&站动漫,27&&站纪录片,28&&影视解说,29&&国创,30&&站港台剧,31&&站日韩剧,32&&站欧美剧,33&&动作片1,34&&喜剧片2,35&&爱情片3,36&&科幻片4,37&&恐怖片5,38&&剧情片6,39&&综艺7,40&&动漫8,41&&动作片9,42&&喜剧片10,43&&爱情片11,44&&科幻片12,45&&恐怖片13,46&&剧情片14,47&&战争片15,48&&动漫16,49&&动作片17,50&&喜剧片18,51&&爱情片19,52&&科幻片20,53&&恐怖片21,54&&剧情片22,55&&战争片23,56&&国产剧24,57&&港台剧25,58&&日韩剧26,59&&欧美剧27,60&&悬疑片28,61&&纪录片29,62&&海外剧30,63&&动画片31,64&&蓝光资源32,65&&其他剧33,66&&古装片34,67&&青春片35,68&&番剧36,69&&站37,70&&站电影38,71&&站国产剧39,72&&站动漫40,73&&站纪录片41,74&&影视解说42,75&&国创43,76&&站港台剧44,77&&站日韩剧45,78&&站欧美剧46,79&&综艺47,80&&动漫48,81&&动作片49,82&&喜剧片50,83&&爱情片51,84&&科幻片52,85&&恐怖片53,86&&剧情片54,87&&战争片55,88",
      "click": true,
      "wePlus": {}
    },
    {
      "id": 1,
      "name": "★★★605资源",
      "url": "http://www.605zy.co/inc/api.php",
      "cate": "综艺,2&&动漫,3&&动作片,4&&喜剧片,5&&爱情片,6&&科幻片,7&&恐怖片,8&&剧情片,9&&战争片,10&&国产剧,11&&港台剧,12&&日韩剧,13&&欧美剧,14&&悬疑片,15&&纪录片,16&&海外剧,17&&动画片,18&&蓝光资源,19&&其他剧,20&&古装片,21&&青春片,22&&番剧,23&&站,24&&站电影,25&&站国产剧,26&&站动漫,27&&站纪录片,28&&影视解说,29&&国创,30&&站港台剧,31&&站日韩剧,32&&站欧美剧,33&&动作片1,34&&喜剧片2,35&&爱情片3,36&&科幻片4,37&&恐怖片5,38&&剧情片6,39&&综艺7,40&&动漫8,41&&动作片9,42&&喜剧片10,43&&爱情片11,44&&科幻片12,45&&恐怖片13,46&&剧情片14,47&&战争片15,48&&动漫16,49&&动作片17,50&&喜剧片18,51&&爱情片19,52&&科幻片20,53&&恐怖片21,54&&剧情片22,55&&战争片23,56&&国产剧24,57&&港台剧25,58&&日韩剧26,59&&欧美剧27,60&&悬疑片28,61&&纪录片29,62&&海外剧30,63&&动画片31,64&&蓝光资源32,65&&其他剧33,66&&古装片34,67&&青春片35,68&&番剧36,69&&站37,70&&站电影38,71&&站国产剧39,72&&站动漫40,73&&站纪录片41,74&&影视解说42,75&&国创43,76&&站港台剧44,77&&站日韩剧45,78&&站欧美剧46,79&&综艺47,80&&动漫48,81&&动作片49,82&&喜剧片50,83&&爱情片51,84&&科幻片52,85&&恐怖片53,86&&剧情片54,87&&战争片55,88",
      "click": true,
      "wePlus": {}
    },
    {
      "id": 1,
      "name": "★★★123资源",
      "url": "http://www.123ku.com/inc/seacms.php",
      "cate": "综艺,2&&动漫,3&&动作片,4&&喜剧片,5&&爱情片,6&&科幻片,7&&恐怖片,8&&剧情片,9&&战争片,10&&国产剧,11&&港台剧,12&&日韩剧,13&&欧美剧,14&&悬疑片,15&&纪录片,16&&海外剧,17&&动画片,18&&蓝光资源,19&&其他剧,20&&古装片,21&&青春片,22&&番剧,23&&站,24&&站电影,25&&站国产剧,26&&站动漫,27&&站纪录片,28&&影视解说,29&&国创,30&&站港台剧,31&&站日韩剧,32&&站欧美剧,33&&动作片1,34&&喜剧片2,35&&爱情片3,36&&科幻片4,37&&恐怖片5,38&&剧情片6,39&&综艺7,40&&动漫8,41&&动作片9,42&&喜剧片10,43&&爱情片11,44&&科幻片12,45&&恐怖片13,46&&剧情片14,47&&战争片15,48&&动漫16,49&&动作片17,50&&喜剧片18,51&&爱情片19,52&&科幻片20,53&&恐怖片21,54&&剧情片22,55&&战争片23,56&&国产剧24,57&&港台剧25,58&&日韩剧26,59&&欧美剧27,60&&悬疑片28,61&&纪录片29,62&&海外剧30,63&&动画片31,64&&蓝光资源32,65&&其他剧33,66&&古装片34,67&&青春片35,68&&番剧36,69&&站37,70&&站电影38,71&&站国产剧39,72&&站动漫40,73&&站纪录片41,74&&影视解说42,75&&国创43,76&&站港台剧44,77&&站日韩剧45,78&&站欧美剧46,79&&综艺47,80&&动漫48,81&&动作片49,82&&喜剧片50,83&&爱情片51,84&&科幻片52,85&&恐怖片53,86&&剧情片54,87&&战争片55,88",
      "click": true,
      "wePlus": {}
    },
    {
      "id": 1,
      "name": "18X 名优馆资源",
      "url": "http://mygzycj.com/sapi.php",
      "cate": "综艺,2&&动漫,3&&动作片,4&&喜剧片,5&&爱情片,6&&科幻片,7&&恐怖片,8&&剧情片,9&&战争片,10&&国产剧,11&&港台剧,12&&日韩剧,13&&欧美剧,14&&悬疑片,15&&纪录片,16&&海外剧,17&&动画片,18&&蓝光资源,19&&其他剧,20&&古装片,21&&青春片,22&&番剧,23&&站,24&&站电影,25&&站国产剧,26&&站动漫,27&&站纪录片,28&&影视解说,29&&国创,30&&站港台剧,31&&站日韩剧,32&&站欧美剧,33&&动作片1,34&&喜剧片2,35&&爱情片3,36&&科幻片4,37&&恐怖片5,38&&剧情片6,39&&综艺7,40&&动漫8,41&&动作片9,42&&喜剧片10,43&&爱情片11,44&&科幻片12,45&&恐怖片13,46&&剧情片14,47&&战争片15,48&&动漫16,49&&动作片17,50&&喜剧片18,51&&爱情片19,52&&科幻片20,53&&恐怖片21,54&&剧情片22,55&&战争片23,56&&国产剧24,57&&港台剧25,58&&日韩剧26,59&&欧美剧27,60&&悬疑片28,61&&纪录片29,62&&海外剧30,63&&动画片31,64&&蓝光资源32,65&&其他剧33,66&&古装片34,67&&青春片35,68&&番剧36,69&&站37,70&&站电影38,71&&站国产剧39,72&&站动漫40,73&&站纪录片41,74&&影视解说42,75&&国创43,76&&站港台剧44,77&&站日韩剧45,78&&站欧美剧46,79&&综艺47,80&&动漫48,81&&动作片49,82&&喜剧片50,83&&爱情片51,84&&科幻片52,85&&恐怖片53,86&&剧情片54,87&&战争片55,88",
      "click": true,
      "wePlus": {}
    },
    {
      "id": 1,
      "name": "18X 狼少年资源",
      "url": "http://cjmygzy.com/inc/api.php",
      "cate":"综艺,2&&动漫,3&&动作片,4&&喜剧片,5&&爱情片,6&&科幻片,7&&恐怖片,8&&剧情片,9&&战争片,10&&国产剧,11&&港台剧,12&&日韩剧,13&&欧美剧,14&&悬疑片,15&&纪录片,16&&海外剧,17&&动画片,18&&蓝光资源,19&&其他剧,20&&古装片,21&&青春片,22&&番剧,23&&站,24&&站电影,25&&站国产剧,26&&站动漫,27&&站纪录片,28&&影视解说,29&&国创,30&&站港台剧,31&&站日韩剧,32&&站欧美剧,33&&动作片1,34&&喜剧片2,35&&爱情片3,36&&科幻片4,37&&恐怖片5,38&&剧情片6,39&&综艺7,40&&动漫8,41&&动作片9,42&&喜剧片10,43&&爱情片11,44&&科幻片12,45&&恐怖片13,46&&剧情片14,47&&战争片15,48&&动漫16,49&&动作片17,50&&喜剧片18,51&&爱情片19,52&&科幻片20,53&&恐怖片21,54&&剧情片22,55&&战争片23,56&&国产剧24,57&&港台剧25,58&&日韩剧26,59&&欧美剧27,60&&悬疑片28,61&&纪录片29,62&&海外剧30,63&&动画片31,64&&蓝光资源32,65&&其他剧33,66&&古装片34,67&&青春片35,68&&番剧36,69&&站37,70&&站电影38,71&&站国产剧39,72&&站动漫40,73&&站纪录片41,74&&影视解说42,75&&国创43,76&&站港台剧44,77&&站日韩剧45,78&&站欧美剧46,79&&综艺47,80&&动漫48,81&&动作片49,82&&喜剧片50,83&&爱情片51,84&&科幻片52,85&&恐怖片53,86&&剧情片54,87&&战争片55,88",
      "click": true,
      "wePlus": {}
    },
    {
      "id": 1,
      "name": "18X 玖玖资源",
      "url": "http://99zywcj.com/inc/ck.php",
      "cate": "综艺,2&&动漫,3&&动作片,4&&喜剧片,5&&爱情片,6&&科幻片,7&&恐怖片,8&&剧情片,9&&战争片,10&&国产剧,11&&港台剧,12&&日韩剧,13&&欧美剧,14&&悬疑片,15&&纪录片,16&&海外剧,17&&动画片,18&&蓝光资源,19&&其他剧,20&&古装片,21&&青春片,22&&番剧,23&&站,24&&站电影,25&&站国产剧,26&&站动漫,27&&站纪录片,28&&影视解说,29&&国创,30&&站港台剧,31&&站日韩剧,32&&站欧美剧,33&&动作片1,34&&喜剧片2,35&&爱情片3,36&&科幻片4,37&&恐怖片5,38&&剧情片6,39&&综艺7,40&&动漫8,41&&动作片9,42&&喜剧片10,43&&爱情片11,44&&科幻片12,45&&恐怖片13,46&&剧情片14,47&&战争片15,48&&动漫16,49&&动作片17,50&&喜剧片18,51&&爱情片19,52&&科幻片20,53&&恐怖片21,54&&剧情片22,55&&战争片23,56&&国产剧24,57&&港台剧25,58&&日韩剧26,59&&欧美剧27,60&&悬疑片28,61&&纪录片29,62&&海外剧30,63&&动画片31,64&&蓝光资源32,65&&其他剧33,66&&古装片34,67&&青春片35,68&&番剧36,69&&站37,70&&站电影38,71&&站国产剧39,72&&站动漫40,73&&站纪录片41,74&&影视解说42,75&&国创43,76&&站港台剧44,77&&站日韩剧45,78&&站欧美剧46,79&&综艺47,80&&动漫48,81&&动作片49,82&&喜剧片50,83&&爱情片51,84&&科幻片52,85&&恐怖片53,86&&剧情片54,87&&战争片55,88",
      "click": true,
      "wePlus": {}
    },
    {
      "id": 1,
      "name": "18X 色色资源",
      "url": "http://sscj8.com/inc/api.php",
      "cate": "综艺,2&&动漫,3&&动作片,4&&喜剧片,5&&爱情片,6&&科幻片,7&&恐怖片,8&&剧情片,9&&战争片,10&&国产剧,11&&港台剧,12&&日韩剧,13&&欧美剧,14&&悬疑片,15&&纪录片,16&&海外剧,17&&动画片,18&&蓝光资源,19&&其他剧,20&&古装片,21&&青春片,22&&番剧,23&&站,24&&站电影,25&&站国产剧,26&&站动漫,27&&站纪录片,28&&影视解说,29&&国创,30&&站港台剧,31&&站日韩剧,32&&站欧美剧,33&&动作片1,34&&喜剧片2,35&&爱情片3,36&&科幻片4,37&&恐怖片5,38&&剧情片6,39&&综艺7,40&&动漫8,41&&动作片9,42&&喜剧片10,43&&爱情片11,44&&科幻片12,45&&恐怖片13,46&&剧情片14,47&&战争片15,48&&动漫16,49&&动作片17,50&&喜剧片18,51&&爱情片19,52&&科幻片20,53&&恐怖片21,54&&剧情片22,55&&战争片23,56&&国产剧24,57&&港台剧25,58&&日韩剧26,59&&欧美剧27,60&&悬疑片28,61&&纪录片29,62&&海外剧30,63&&动画片31,64&&蓝光资源32,65&&其他剧33,66&&古装片34,67&&青春片35,68&&番剧36,69&&站37,70&&站电影38,71&&站国产剧39,72&&站动漫40,73&&站纪录片41,74&&影视解说42,75&&国创43,76&&站港台剧44,77&&站日韩剧45,78&&站欧美剧46,79&&综艺47,80&&动漫48,81&&动作片49,82&&喜剧片50,83&&爱情片51,84&&科幻片52,85&&恐怖片53,86&&剧情片54,87&&战争片55,88",
      "click": true,
      "wePlus": {}
    },
    {
      "id": 1,
      "name": "★★☆被窝影视",
      "url": "https://www.khzyapi.com/api.php/provide/vod/at/xml/",
      "cate": "综艺,2&&动漫,3&&动作片,4&&喜剧片,5&&爱情片,6&&科幻片,7&&恐怖片,8&&剧情片,9&&战争片,10&&国产剧,11&&港台剧,12&&日韩剧,13&&欧美剧,14&&悬疑片,15&&纪录片,16&&海外剧,17&&动画片,18&&蓝光资源,19&&其他剧,20&&古装片,21&&青春片,22&&番剧,23&&站,24&&站电影,25&&站国产剧,26&&站动漫,27&&站纪录片,28&&影视解说,29&&国创,30&&站港台剧,31&&站日韩剧,32&&站欧美剧,33&&动作片1,34&&喜剧片2,35&&爱情片3,36&&科幻片4,37&&恐怖片5,38&&剧情片6,39&&综艺7,40&&动漫8,41&&动作片9,42&&喜剧片10,43&&爱情片11,44&&科幻片12,45&&恐怖片13,46&&剧情片14,47&&战争片15,48&&动漫16,49&&动作片17,50&&喜剧片18,51&&爱情片19,52&&科幻片20,53&&恐怖片21,54&&剧情片22,55&&战争片23,56&&国产剧24,57&&港台剧25,58&&日韩剧26,59&&欧美剧27,60&&悬疑片28,61&&纪录片29,62&&海外剧30,63&&动画片31,64&&蓝光资源32,65&&其他剧33,66&&古装片34,67&&青春片35,68&&番剧36,69&&站37,70&&站电影38,71&&站国产剧39,72&&站动漫40,73&&站纪录片41,74&&影视解说42,75&&国创43,76&&站港台剧44,77&&站日韩剧45,78&&站欧美剧46,79&&综艺47,80&&动漫48,81&&动作片49,82&&喜剧片50,83&&爱情片51,84&&科幻片52,85&&恐怖片53,86&&剧情片54,87&&战争片55,88",
      "click": true,
      "wePlus": {}
    },
    {
      "id": 1,
      "name": "★★☆酷云2",
      "url": "http://caiji.kuyun98.com/inc/ldg_api.php",
      "cate": "综艺,2&&动漫,3&&动作片,4&&喜剧片,5&&爱情片,6&&科幻片,7&&恐怖片,8&&剧情片,9&&战争片,10&&国产剧,11&&港台剧,12&&日韩剧,13&&欧美剧,14&&悬疑片,15&&纪录片,16&&海外剧,17&&动画片,18&&蓝光资源,19&&其他剧,20&&古装片,21&&青春片,22&&番剧,23&&站,24&&站电影,25&&站国产剧,26&&站动漫,27&&站纪录片,28&&影视解说,29&&国创,30&&站港台剧,31&&站日韩剧,32&&站欧美剧,33&&动作片1,34&&喜剧片2,35&&爱情片3,36&&科幻片4,37&&恐怖片5,38&&剧情片6,39&&综艺7,40&&动漫8,41&&动作片9,42&&喜剧片10,43&&爱情片11,44&&科幻片12,45&&恐怖片13,46&&剧情片14,47&&战争片15,48&&动漫16,49&&动作片17,50&&喜剧片18,51&&爱情片19,52&&科幻片20,53&&恐怖片21,54&&剧情片22,55&&战争片23,56&&国产剧24,57&&港台剧25,58&&日韩剧26,59&&欧美剧27,60&&悬疑片28,61&&纪录片29,62&&海外剧30,63&&动画片31,64&&蓝光资源32,65&&其他剧33,66&&古装片34,67&&青春片35,68&&番剧36,69&&站37,70&&站电影38,71&&站国产剧39,72&&站动漫40,73&&站纪录片41,74&&影视解说42,75&&国创43,76&&站港台剧44,77&&站日韩剧45,78&&站欧美剧46,79&&综艺47,80&&动漫48,81&&动作片49,82&&喜剧片50,83&&爱情片51,84&&科幻片52,85&&恐怖片53,86&&剧情片54,87&&战争片55,88",
      "click": true,
      "wePlus": {}
    },
    {
      "id": 1,
      "name": "★★☆39影视",
      "url": "https://www.39kan.com/api.php/provide/vod/at/xml/",
      "cate": "综艺,2&&动漫,3&&动作片,4&&喜剧片,5&&爱情片,6&&科幻片,7&&恐怖片,8&&剧情片,9&&战争片,10&&国产剧,11&&港台剧,12&&日韩剧,13&&欧美剧,14&&悬疑片,15&&纪录片,16&&海外剧,17&&动画片,18&&蓝光资源,19&&其他剧,20&&古装片,21&&青春片,22&&番剧,23&&站,24&&站电影,25&&站国产剧,26&&站动漫,27&&站纪录片,28&&影视解说,29&&国创,30&&站港台剧,31&&站日韩剧,32&&站欧美剧,33&&动作片1,34&&喜剧片2,35&&爱情片3,36&&科幻片4,37&&恐怖片5,38&&剧情片6,39&&综艺7,40&&动漫8,41&&动作片9,42&&喜剧片10,43&&爱情片11,44&&科幻片12,45&&恐怖片13,46&&剧情片14,47&&战争片15,48&&动漫16,49&&动作片17,50&&喜剧片18,51&&爱情片19,52&&科幻片20,53&&恐怖片21,54&&剧情片22,55&&战争片23,56&&国产剧24,57&&港台剧25,58&&日韩剧26,59&&欧美剧27,60&&悬疑片28,61&&纪录片29,62&&海外剧30,63&&动画片31,64&&蓝光资源32,65&&其他剧33,66&&古装片34,67&&青春片35,68&&番剧36,69&&站37,70&&站电影38,71&&站国产剧39,72&&站动漫40,73&&站纪录片41,74&&影视解说42,75&&国创43,76&&站港台剧44,77&&站日韩剧45,78&&站欧美剧46,79&&综艺47,80&&动漫48,81&&动作片49,82&&喜剧片50,83&&爱情片51,84&&科幻片52,85&&恐怖片53,86&&剧情片54,87&&战争片55,88",
      "click": true,
      "wePlus": {}
    },
    {
      "id": 1,
      "name": "★★☆209云",
      "url": "http://cj.1156zy.net/inc/33uuck.php",
      "cate": "综艺,2&&动漫,3&&动作片,4&&喜剧片,5&&爱情片,6&&科幻片,7&&恐怖片,8&&剧情片,9&&战争片,10&&国产剧,11&&港台剧,12&&日韩剧,13&&欧美剧,14&&悬疑片,15&&纪录片,16&&海外剧,17&&动画片,18&&蓝光资源,19&&其他剧,20&&古装片,21&&青春片,22&&番剧,23&&站,24&&站电影,25&&站国产剧,26&&站动漫,27&&站纪录片,28&&影视解说,29&&国创,30&&站港台剧,31&&站日韩剧,32&&站欧美剧,33&&动作片1,34&&喜剧片2,35&&爱情片3,36&&科幻片4,37&&恐怖片5,38&&剧情片6,39&&综艺7,40&&动漫8,41&&动作片9,42&&喜剧片10,43&&爱情片11,44&&科幻片12,45&&恐怖片13,46&&剧情片14,47&&战争片15,48&&动漫16,49&&动作片17,50&&喜剧片18,51&&爱情片19,52&&科幻片20,53&&恐怖片21,54&&剧情片22,55&&战争片23,56&&国产剧24,57&&港台剧25,58&&日韩剧26,59&&欧美剧27,60&&悬疑片28,61&&纪录片29,62&&海外剧30,63&&动画片31,64&&蓝光资源32,65&&其他剧33,66&&古装片34,67&&青春片35,68&&番剧36,69&&站37,70&&站电影38,71&&站国产剧39,72&&站动漫40,73&&站纪录片41,74&&影视解说42,75&&国创43,76&&站港台剧44,77&&站日韩剧45,78&&站欧美剧46,79&&综艺47,80&&动漫48,81&&动作片49,82&&喜剧片50,83&&爱情片51,84&&科幻片52,85&&恐怖片53,86&&剧情片54,87&&战争片55,88",
      "click": true,
      "wePlus": {}
    },
    {
      "id": 1,
      "name": "★★☆永久云",
      "url": "http://cj.yongjiuzyw.com/inc/yjm3u8.php",
      "cate": "综艺,2&&动漫,3&&动作片,4&&喜剧片,5&&爱情片,6&&科幻片,7&&恐怖片,8&&剧情片,9&&战争片,10&&国产剧,11&&港台剧,12&&日韩剧,13&&欧美剧,14&&悬疑片,15&&纪录片,16&&海外剧,17&&动画片,18&&蓝光资源,19&&其他剧,20&&古装片,21&&青春片,22&&番剧,23&&站,24&&站电影,25&&站国产剧,26&&站动漫,27&&站纪录片,28&&影视解说,29&&国创,30&&站港台剧,31&&站日韩剧,32&&站欧美剧,33&&动作片1,34&&喜剧片2,35&&爱情片3,36&&科幻片4,37&&恐怖片5,38&&剧情片6,39&&综艺7,40&&动漫8,41&&动作片9,42&&喜剧片10,43&&爱情片11,44&&科幻片12,45&&恐怖片13,46&&剧情片14,47&&战争片15,48&&动漫16,49&&动作片17,50&&喜剧片18,51&&爱情片19,52&&科幻片20,53&&恐怖片21,54&&剧情片22,55&&战争片23,56&&国产剧24,57&&港台剧25,58&&日韩剧26,59&&欧美剧27,60&&悬疑片28,61&&纪录片29,62&&海外剧30,63&&动画片31,64&&蓝光资源32,65&&其他剧33,66&&古装片34,67&&青春片35,68&&番剧36,69&&站37,70&&站电影38,71&&站国产剧39,72&&站动漫40,73&&站纪录片41,74&&影视解说42,75&&国创43,76&&站港台剧44,77&&站日韩剧45,78&&站欧美剧46,79&&综艺47,80&&动漫48,81&&动作片49,82&&喜剧片50,83&&爱情片51,84&&科幻片52,85&&恐怖片53,86&&剧情片54,87&&战争片55,88",
      "click": true,
      "wePlus": {}
    },
    {
      "id": 1,
      "name": "★★☆最大云",
      "url": "http://www.zdziyuan.com/inc/api_zuidam3u8.php",
      "cate": "综艺,2&&动漫,3&&动作片,4&&喜剧片,5&&爱情片,6&&科幻片,7&&恐怖片,8&&剧情片,9&&战争片,10&&国产剧,11&&港台剧,12&&日韩剧,13&&欧美剧,14&&悬疑片,15&&纪录片,16&&海外剧,17&&动画片,18&&蓝光资源,19&&其他剧,20&&古装片,21&&青春片,22&&番剧,23&&站,24&&站电影,25&&站国产剧,26&&站动漫,27&&站纪录片,28&&影视解说,29&&国创,30&&站港台剧,31&&站日韩剧,32&&站欧美剧,33&&动作片1,34&&喜剧片2,35&&爱情片3,36&&科幻片4,37&&恐怖片5,38&&剧情片6,39&&综艺7,40&&动漫8,41&&动作片9,42&&喜剧片10,43&&爱情片11,44&&科幻片12,45&&恐怖片13,46&&剧情片14,47&&战争片15,48&&动漫16,49&&动作片17,50&&喜剧片18,51&&爱情片19,52&&科幻片20,53&&恐怖片21,54&&剧情片22,55&&战争片23,56&&国产剧24,57&&港台剧25,58&&日韩剧26,59&&欧美剧27,60&&悬疑片28,61&&纪录片29,62&&海外剧30,63&&动画片31,64&&蓝光资源32,65&&其他剧33,66&&古装片34,67&&青春片35,68&&番剧36,69&&站37,70&&站电影38,71&&站国产剧39,72&&站动漫40,73&&站纪录片41,74&&影视解说42,75&&国创43,76&&站港台剧44,77&&站日韩剧45,78&&站欧美剧46,79&&综艺47,80&&动漫48,81&&动作片49,82&&喜剧片50,83&&爱情片51,84&&科幻片52,85&&恐怖片53,86&&剧情片54,87&&战争片55,88",
      "click": true,
      "wePlus": {}
    },
    {
      "id": 1,
      "name": "★★☆77看片",
      "url": "https://www.77kpp.com/inc/api.php",
      "cate": "综艺,2&&动漫,3&&动作片,4&&喜剧片,5&&爱情片,6&&科幻片,7&&恐怖片,8&&剧情片,9&&战争片,10&&国产剧,11&&港台剧,12&&日韩剧,13&&欧美剧,14&&悬疑片,15&&纪录片,16&&海外剧,17&&动画片,18&&蓝光资源,19&&其他剧,20&&古装片,21&&青春片,22&&番剧,23&&站,24&&站电影,25&&站国产剧,26&&站动漫,27&&站纪录片,28&&影视解说,29&&国创,30&&站港台剧,31&&站日韩剧,32&&站欧美剧,33&&动作片1,34&&喜剧片2,35&&爱情片3,36&&科幻片4,37&&恐怖片5,38&&剧情片6,39&&综艺7,40&&动漫8,41&&动作片9,42&&喜剧片10,43&&爱情片11,44&&科幻片12,45&&恐怖片13,46&&剧情片14,47&&战争片15,48&&动漫16,49&&动作片17,50&&喜剧片18,51&&爱情片19,52&&科幻片20,53&&恐怖片21,54&&剧情片22,55&&战争片23,56&&国产剧24,57&&港台剧25,58&&日韩剧26,59&&欧美剧27,60&&悬疑片28,61&&纪录片29,62&&海外剧30,63&&动画片31,64&&蓝光资源32,65&&其他剧33,66&&古装片34,67&&青春片35,68&&番剧36,69&&站37,70&&站电影38,71&&站国产剧39,72&&站动漫40,73&&站纪录片41,74&&影视解说42,75&&国创43,76&&站港台剧44,77&&站日韩剧45,78&&站欧美剧46,79&&综艺47,80&&动漫48,81&&动作片49,82&&喜剧片50,83&&爱情片51,84&&科幻片52,85&&恐怖片53,86&&剧情片54,87&&战争片55,88",
      "click": true,
      "wePlus": {}
    },
    {
      "id": 1,
      "name": "★★☆最新资源",
      "url": "http://api.zuixinapi.com/inc/api.php",
      "cate": "综艺,2&&动漫,3&&动作片,4&&喜剧片,5&&爱情片,6&&科幻片,7&&恐怖片,8&&剧情片,9&&战争片,10&&国产剧,11&&港台剧,12&&日韩剧,13&&欧美剧,14&&悬疑片,15&&纪录片,16&&海外剧,17&&动画片,18&&蓝光资源,19&&其他剧,20&&古装片,21&&青春片,22&&番剧,23&&站,24&&站电影,25&&站国产剧,26&&站动漫,27&&站纪录片,28&&影视解说,29&&国创,30&&站港台剧,31&&站日韩剧,32&&站欧美剧,33&&动作片1,34&&喜剧片2,35&&爱情片3,36&&科幻片4,37&&恐怖片5,38&&剧情片6,39&&综艺7,40&&动漫8,41&&动作片9,42&&喜剧片10,43&&爱情片11,44&&科幻片12,45&&恐怖片13,46&&剧情片14,47&&战争片15,48&&动漫16,49&&动作片17,50&&喜剧片18,51&&爱情片19,52&&科幻片20,53&&恐怖片21,54&&剧情片22,55&&战争片23,56&&国产剧24,57&&港台剧25,58&&日韩剧26,59&&欧美剧27,60&&悬疑片28,61&&纪录片29,62&&海外剧30,63&&动画片31,64&&蓝光资源32,65&&其他剧33,66&&古装片34,67&&青春片35,68&&番剧36,69&&站37,70&&站电影38,71&&站国产剧39,72&&站动漫40,73&&站纪录片41,74&&影视解说42,75&&国创43,76&&站港台剧44,77&&站日韩剧45,78&&站欧美剧46,79&&综艺47,80&&动漫48,81&&动作片49,82&&喜剧片50,83&&爱情片51,84&&科幻片52,85&&恐怖片53,86&&剧情片54,87&&战争片55,88",
      "click": true,
      "wePlus": {}
    },
    {
      "id": 1,
      "name": "★★☆TVB云",
      "url": "https://www.hktvyb.com/api.php/provide/vod/at/xml/",
      "cate": "综艺,2&&动漫,3&&动作片,4&&喜剧片,5&&爱情片,6&&科幻片,7&&恐怖片,8&&剧情片,9&&战争片,10&&国产剧,11&&港台剧,12&&日韩剧,13&&欧美剧,14&&悬疑片,15&&纪录片,16&&海外剧,17&&动画片,18&&蓝光资源,19&&其他剧,20&&古装片,21&&青春片,22&&番剧,23&&站,24&&站电影,25&&站国产剧,26&&站动漫,27&&站纪录片,28&&影视解说,29&&国创,30&&站港台剧,31&&站日韩剧,32&&站欧美剧,33&&动作片1,34&&喜剧片2,35&&爱情片3,36&&科幻片4,37&&恐怖片5,38&&剧情片6,39&&综艺7,40&&动漫8,41&&动作片9,42&&喜剧片10,43&&爱情片11,44&&科幻片12,45&&恐怖片13,46&&剧情片14,47&&战争片15,48&&动漫16,49&&动作片17,50&&喜剧片18,51&&爱情片19,52&&科幻片20,53&&恐怖片21,54&&剧情片22,55&&战争片23,56&&国产剧24,57&&港台剧25,58&&日韩剧26,59&&欧美剧27,60&&悬疑片28,61&&纪录片29,62&&海外剧30,63&&动画片31,64&&蓝光资源32,65&&其他剧33,66&&古装片34,67&&青春片35,68&&番剧36,69&&站37,70&&站电影38,71&&站国产剧39,72&&站动漫40,73&&站纪录片41,74&&影视解说42,75&&国创43,76&&站港台剧44,77&&站日韩剧45,78&&站欧美剧46,79&&综艺47,80&&动漫48,81&&动作片49,82&&喜剧片50,83&&爱情片51,84&&科幻片52,85&&恐怖片53,86&&剧情片54,87&&战争片55,88",
      "click": true,
      "wePlus": {}
    },
    {
      "id": 1,
      "name": "★★☆追剧吧",
      "url": "http://www.huaxiab.com/api.php/provide/vod/at/xml/",
      "cate": "综艺,2&&动漫,3&&动作片,4&&喜剧片,5&&爱情片,6&&科幻片,7&&恐怖片,8&&剧情片,9&&战争片,10&&国产剧,11&&港台剧,12&&日韩剧,13&&欧美剧,14&&悬疑片,15&&纪录片,16&&海外剧,17&&动画片,18&&蓝光资源,19&&其他剧,20&&古装片,21&&青春片,22&&番剧,23&&站,24&&站电影,25&&站国产剧,26&&站动漫,27&&站纪录片,28&&影视解说,29&&国创,30&&站港台剧,31&&站日韩剧,32&&站欧美剧,33&&动作片1,34&&喜剧片2,35&&爱情片3,36&&科幻片4,37&&恐怖片5,38&&剧情片6,39&&综艺7,40&&动漫8,41&&动作片9,42&&喜剧片10,43&&爱情片11,44&&科幻片12,45&&恐怖片13,46&&剧情片14,47&&战争片15,48&&动漫16,49&&动作片17,50&&喜剧片18,51&&爱情片19,52&&科幻片20,53&&恐怖片21,54&&剧情片22,55&&战争片23,56&&国产剧24,57&&港台剧25,58&&日韩剧26,59&&欧美剧27,60&&悬疑片28,61&&纪录片29,62&&海外剧30,63&&动画片31,64&&蓝光资源32,65&&其他剧33,66&&古装片34,67&&青春片35,68&&番剧36,69&&站37,70&&站电影38,71&&站国产剧39,72&&站动漫40,73&&站纪录片41,74&&影视解说42,75&&国创43,76&&站港台剧44,77&&站日韩剧45,78&&站欧美剧46,79&&综艺47,80&&动漫48,81&&动作片49,82&&喜剧片50,83&&爱情片51,84&&科幻片52,85&&恐怖片53,86&&剧情片54,87&&战争片55,88",
      "click": true,
      "wePlus": {}
    },
    {
      "id": 1,
      "name": "★★☆123云",
      "url": "http://cj.123ku2.com:12315/inc/123kum3u8.php",
      "cate": "综艺,2&&动漫,3&&动作片,4&&喜剧片,5&&爱情片,6&&科幻片,7&&恐怖片,8&&剧情片,9&&战争片,10&&国产剧,11&&港台剧,12&&日韩剧,13&&欧美剧,14&&悬疑片,15&&纪录片,16&&海外剧,17&&动画片,18&&蓝光资源,19&&其他剧,20&&古装片,21&&青春片,22&&番剧,23&&站,24&&站电影,25&&站国产剧,26&&站动漫,27&&站纪录片,28&&影视解说,29&&国创,30&&站港台剧,31&&站日韩剧,32&&站欧美剧,33&&动作片1,34&&喜剧片2,35&&爱情片3,36&&科幻片4,37&&恐怖片5,38&&剧情片6,39&&综艺7,40&&动漫8,41&&动作片9,42&&喜剧片10,43&&爱情片11,44&&科幻片12,45&&恐怖片13,46&&剧情片14,47&&战争片15,48&&动漫16,49&&动作片17,50&&喜剧片18,51&&爱情片19,52&&科幻片20,53&&恐怖片21,54&&剧情片22,55&&战争片23,56&&国产剧24,57&&港台剧25,58&&日韩剧26,59&&欧美剧27,60&&悬疑片28,61&&纪录片29,62&&海外剧30,63&&动画片31,64&&蓝光资源32,65&&其他剧33,66&&古装片34,67&&青春片35,68&&番剧36,69&&站37,70&&站电影38,71&&站国产剧39,72&&站动漫40,73&&站纪录片41,74&&影视解说42,75&&国创43,76&&站港台剧44,77&&站日韩剧45,78&&站欧美剧46,79&&综艺47,80&&动漫48,81&&动作片49,82&&喜剧片50,83&&爱情片51,84&&科幻片52,85&&恐怖片53,86&&剧情片54,87&&战争片55,88",
      "click": true,
      "wePlus": {}
    },
    {
      "id": 1,
      "name": "★★☆人人影院",
      "url": "https://www.rryy99.com/api.php/provide/vod/at/xml/",
      "cate": "综艺,2&&动漫,3&&动作片,4&&喜剧片,5&&爱情片,6&&科幻片,7&&恐怖片,8&&剧情片,9&&战争片,10&&国产剧,11&&港台剧,12&&日韩剧,13&&欧美剧,14&&悬疑片,15&&纪录片,16&&海外剧,17&&动画片,18&&蓝光资源,19&&其他剧,20&&古装片,21&&青春片,22&&番剧,23&&站,24&&站电影,25&&站国产剧,26&&站动漫,27&&站纪录片,28&&影视解说,29&&国创,30&&站港台剧,31&&站日韩剧,32&&站欧美剧,33&&动作片1,34&&喜剧片2,35&&爱情片3,36&&科幻片4,37&&恐怖片5,38&&剧情片6,39&&综艺7,40&&动漫8,41&&动作片9,42&&喜剧片10,43&&爱情片11,44&&科幻片12,45&&恐怖片13,46&&剧情片14,47&&战争片15,48&&动漫16,49&&动作片17,50&&喜剧片18,51&&爱情片19,52&&科幻片20,53&&恐怖片21,54&&剧情片22,55&&战争片23,56&&国产剧24,57&&港台剧25,58&&日韩剧26,59&&欧美剧27,60&&悬疑片28,61&&纪录片29,62&&海外剧30,63&&动画片31,64&&蓝光资源32,65&&其他剧33,66&&古装片34,67&&青春片35,68&&番剧36,69&&站37,70&&站电影38,71&&站国产剧39,72&&站动漫40,73&&站纪录片41,74&&影视解说42,75&&国创43,76&&站港台剧44,77&&站日韩剧45,78&&站欧美剧46,79&&综艺47,80&&动漫48,81&&动作片49,82&&喜剧片50,83&&爱情片51,84&&科幻片52,85&&恐怖片53,86&&剧情片54,87&&战争片55,88",
      "click": true,
      "wePlus": {}
    },
    {
      "id": 1,
      "name": "18X 新辣椒资源",
      "url": "https://apilj.com/api.php/Seacms/vod/ \n",
      "cate": "综艺,2&&动漫,3&&动作片,4&&喜剧片,5&&爱情片,6&&科幻片,7&&恐怖片,8&&剧情片,9&&战争片,10&&国产剧,11&&港台剧,12&&日韩剧,13&&欧美剧,14&&悬疑片,15&&纪录片,16&&海外剧,17&&动画片,18&&蓝光资源,19&&其他剧,20&&古装片,21&&青春片,22&&番剧,23&&站,24&&站电影,25&&站国产剧,26&&站动漫,27&&站纪录片,28&&影视解说,29&&国创,30&&站港台剧,31&&站日韩剧,32&&站欧美剧,33&&动作片1,34&&喜剧片2,35&&爱情片3,36&&科幻片4,37&&恐怖片5,38&&剧情片6,39&&综艺7,40&&动漫8,41&&动作片9,42&&喜剧片10,43&&爱情片11,44&&科幻片12,45&&恐怖片13,46&&剧情片14,47&&战争片15,48&&动漫16,49&&动作片17,50&&喜剧片18,51&&爱情片19,52&&科幻片20,53&&恐怖片21,54&&剧情片22,55&&战争片23,56&&国产剧24,57&&港台剧25,58&&日韩剧26,59&&欧美剧27,60&&悬疑片28,61&&纪录片29,62&&海外剧30,63&&动画片31,64&&蓝光资源32,65&&其他剧33,66&&古装片34,67&&青春片35,68&&番剧36,69&&站37,70&&站电影38,71&&站国产剧39,72&&站动漫40,73&&站纪录片41,74&&影视解说42,75&&国创43,76&&站港台剧44,77&&站日韩剧45,78&&站欧美剧46,79&&综艺47,80&&动漫48,81&&动作片49,82&&喜剧片50,83&&爱情片51,84&&科幻片52,85&&恐怖片53,86&&剧情片54,87&&战争片55,88",
      "click": true,
      "wePlus": {}
    },
    {
      "id": 1,
      "name": "★☆☆沃酷云",
      "url": "http://api.wokuzy.com/api/xml/wokum3u8_s",
      "cate": "综艺,2&&动漫,3&&动作片,4&&喜剧片,5&&爱情片,6&&科幻片,7&&恐怖片,8&&剧情片,9&&战争片,10&&国产剧,11&&港台剧,12&&日韩剧,13&&欧美剧,14&&悬疑片,15&&纪录片,16&&海外剧,17&&动画片,18&&蓝光资源,19&&其他剧,20&&古装片,21&&青春片,22&&番剧,23&&站,24&&站电影,25&&站国产剧,26&&站动漫,27&&站纪录片,28&&影视解说,29&&国创,30&&站港台剧,31&&站日韩剧,32&&站欧美剧,33&&动作片1,34&&喜剧片2,35&&爱情片3,36&&科幻片4,37&&恐怖片5,38&&剧情片6,39&&综艺7,40&&动漫8,41&&动作片9,42&&喜剧片10,43&&爱情片11,44&&科幻片12,45&&恐怖片13,46&&剧情片14,47&&战争片15,48&&动漫16,49&&动作片17,50&&喜剧片18,51&&爱情片19,52&&科幻片20,53&&恐怖片21,54&&剧情片22,55&&战争片23,56&&国产剧24,57&&港台剧25,58&&日韩剧26,59&&欧美剧27,60&&悬疑片28,61&&纪录片29,62&&海外剧30,63&&动画片31,64&&蓝光资源32,65&&其他剧33,66&&古装片34,67&&青春片35,68&&番剧36,69&&站37,70&&站电影38,71&&站国产剧39,72&&站动漫40,73&&站纪录片41,74&&影视解说42,75&&国创43,76&&站港台剧44,77&&站日韩剧45,78&&站欧美剧46,79&&综艺47,80&&动漫48,81&&动作片49,82&&喜剧片50,83&&爱情片51,84&&科幻片52,85&&恐怖片53,86&&剧情片54,87&&战争片55,88",
      "click": true,
      "wePlus": {}
    },
    {
      "id": 1,
      "name": "18X 环亚资源",
      "url": "http://wmcj8.com/inc/sapi.php",
      "cate": "综艺,2&&动漫,3&&动作片,4&&喜剧片,5&&爱情片,6&&科幻片,7&&恐怖片,8&&剧情片,9&&战争片,10&&国产剧,11&&港台剧,12&&日韩剧,13&&欧美剧,14&&悬疑片,15&&纪录片,16&&海外剧,17&&动画片,18&&蓝光资源,19&&其他剧,20&&古装片,21&&青春片,22&&番剧,23&&站,24&&站电影,25&&站国产剧,26&&站动漫,27&&站纪录片,28&&影视解说,29&&国创,30&&站港台剧,31&&站日韩剧,32&&站欧美剧,33&&动作片1,34&&喜剧片2,35&&爱情片3,36&&科幻片4,37&&恐怖片5,38&&剧情片6,39&&综艺7,40&&动漫8,41&&动作片9,42&&喜剧片10,43&&爱情片11,44&&科幻片12,45&&恐怖片13,46&&剧情片14,47&&战争片15,48&&动漫16,49&&动作片17,50&&喜剧片18,51&&爱情片19,52&&科幻片20,53&&恐怖片21,54&&剧情片22,55&&战争片23,56&&国产剧24,57&&港台剧25,58&&日韩剧26,59&&欧美剧27,60&&悬疑片28,61&&纪录片29,62&&海外剧30,63&&动画片31,64&&蓝光资源32,65&&其他剧33,66&&古装片34,67&&青春片35,68&&番剧36,69&&站37,70&&站电影38,71&&站国产剧39,72&&站动漫40,73&&站纪录片41,74&&影视解说42,75&&国创43,76&&站港台剧44,77&&站日韩剧45,78&&站欧美剧46,79&&综艺47,80&&动漫48,81&&动作片49,82&&喜剧片50,83&&爱情片51,84&&科幻片52,85&&恐怖片53,86&&剧情片54,87&&战争片55,88",
      "click": true,
      "wePlus": {}
    },

    {
      "id": 1,
      "name": "★☆☆快播云",
      "url": "http://www.kuaibozy.com/api.php/provide/vod/from/kbm3u8/at/xml/",
      "cate": "综艺,2&&动漫,3&&动作片,4&&喜剧片,5&&爱情片,6&&科幻片,7&&恐怖片,8&&剧情片,9&&战争片,10&&国产剧,11&&港台剧,12&&日韩剧,13&&欧美剧,14&&悬疑片,15&&纪录片,16&&海外剧,17&&动画片,18&&蓝光资源,19&&其他剧,20&&古装片,21&&青春片,22&&番剧,23&&站,24&&站电影,25&&站国产剧,26&&站动漫,27&&站纪录片,28&&影视解说,29&&国创,30&&站港台剧,31&&站日韩剧,32&&站欧美剧,33&&动作片1,34&&喜剧片2,35&&爱情片3,36&&科幻片4,37&&恐怖片5,38&&剧情片6,39&&综艺7,40&&动漫8,41&&动作片9,42&&喜剧片10,43&&爱情片11,44&&科幻片12,45&&恐怖片13,46&&剧情片14,47&&战争片15,48&&动漫16,49&&动作片17,50&&喜剧片18,51&&爱情片19,52&&科幻片20,53&&恐怖片21,54&&剧情片22,55&&战争片23,56&&国产剧24,57&&港台剧25,58&&日韩剧26,59&&欧美剧27,60&&悬疑片28,61&&纪录片29,62&&海外剧30,63&&动画片31,64&&蓝光资源32,65&&其他剧33,66&&古装片34,67&&青春片35,68&&番剧36,69&&站37,70&&站电影38,71&&站国产剧39,72&&站动漫40,73&&站纪录片41,74&&影视解说42,75&&国创43,76&&站港台剧44,77&&站日韩剧45,78&&站欧美剧46,79&&综艺47,80&&动漫48,81&&动作片49,82&&喜剧片50,83&&爱情片51,84&&科幻片52,85&&恐怖片53,86&&剧情片54,87&&战争片55,88",
      "click": true,
      "wePlus": {}
    },
    {
      "id": 1,
      "name": "18X 博天堂资源",
      "url": "http://bttcj.com/inc/jsonsapi.php?ac=videolist",
      "cate": "综艺,2&&动漫,3&&动作片,4&&喜剧片,5&&爱情片,6&&科幻片,7&&恐怖片,8&&剧情片,9&&战争片,10&&国产剧,11&&港台剧,12&&日韩剧,13&&欧美剧,14&&悬疑片,15&&纪录片,16&&海外剧,17&&动画片,18&&蓝光资源,19&&其他剧,20&&古装片,21&&青春片,22&&番剧,23&&站,24&&站电影,25&&站国产剧,26&&站动漫,27&&站纪录片,28&&影视解说,29&&国创,30&&站港台剧,31&&站日韩剧,32&&站欧美剧,33&&动作片1,34&&喜剧片2,35&&爱情片3,36&&科幻片4,37&&恐怖片5,38&&剧情片6,39&&综艺7,40&&动漫8,41&&动作片9,42&&喜剧片10,43&&爱情片11,44&&科幻片12,45&&恐怖片13,46&&剧情片14,47&&战争片15,48&&动漫16,49&&动作片17,50&&喜剧片18,51&&爱情片19,52&&科幻片20,53&&恐怖片21,54&&剧情片22,55&&战争片23,56&&国产剧24,57&&港台剧25,58&&日韩剧26,59&&欧美剧27,60&&悬疑片28,61&&纪录片29,62&&海外剧30,63&&动画片31,64&&蓝光资源32,65&&其他剧33,66&&古装片34,67&&青春片35,68&&番剧36,69&&站37,70&&站电影38,71&&站国产剧39,72&&站动漫40,73&&站纪录片41,74&&影视解说42,75&&国创43,76&&站港台剧44,77&&站日韩剧45,78&&站欧美剧46,79&&综艺47,80&&动漫48,81&&动作片49,82&&喜剧片50,83&&爱情片51,84&&科幻片52,85&&恐怖片53,86&&剧情片54,87&&战争片55,88",
      "click": true,
      "wePlus": {}
    },
    {
      "id": 1,
      "name": "18X 利来资源",
      "url": "http://llzxcj.com/inc/sck.php",
      "cate": "综艺,2&&动漫,3&&动作片,4&&喜剧片,5&&爱情片,6&&科幻片,7&&恐怖片,8&&剧情片,9&&战争片,10&&国产剧,11&&港台剧,12&&日韩剧,13&&欧美剧,14&&悬疑片,15&&纪录片,16&&海外剧,17&&动画片,18&&蓝光资源,19&&其他剧,20&&古装片,21&&青春片,22&&番剧,23&&站,24&&站电影,25&&站国产剧,26&&站动漫,27&&站纪录片,28&&影视解说,29&&国创,30&&站港台剧,31&&站日韩剧,32&&站欧美剧,33&&动作片1,34&&喜剧片2,35&&爱情片3,36&&科幻片4,37&&恐怖片5,38&&剧情片6,39&&综艺7,40&&动漫8,41&&动作片9,42&&喜剧片10,43&&爱情片11,44&&科幻片12,45&&恐怖片13,46&&剧情片14,47&&战争片15,48&&动漫16,49&&动作片17,50&&喜剧片18,51&&爱情片19,52&&科幻片20,53&&恐怖片21,54&&剧情片22,55&&战争片23,56&&国产剧24,57&&港台剧25,58&&日韩剧26,59&&欧美剧27,60&&悬疑片28,61&&纪录片29,62&&海外剧30,63&&动画片31,64&&蓝光资源32,65&&其他剧33,66&&古装片34,67&&青春片35,68&&番剧36,69&&站37,70&&站电影38,71&&站国产剧39,72&&站动漫40,73&&站纪录片41,74&&影视解说42,75&&国创43,76&&站港台剧44,77&&站日韩剧45,78&&站欧美剧46,79&&综艺47,80&&动漫48,81&&动作片49,82&&喜剧片50,83&&爱情片51,84&&科幻片52,85&&恐怖片53,86&&剧情片54,87&&战争片55,88",
      "click": true,
      "wePlus": {}
    },
    {
      "id": 1,
      "name": "18X 富二代资源",
      "url": "http://f2dcj6.com/api",
      "cate": "综艺,2&&动漫,3&&动作片,4&&喜剧片,5&&爱情片,6&&科幻片,7&&恐怖片,8&&剧情片,9&&战争片,10&&国产剧,11&&港台剧,12&&日韩剧,13&&欧美剧,14&&悬疑片,15&&纪录片,16&&海外剧,17&&动画片,18&&蓝光资源,19&&其他剧,20&&古装片,21&&青春片,22&&番剧,23&&站,24&&站电影,25&&站国产剧,26&&站动漫,27&&站纪录片,28&&影视解说,29&&国创,30&&站港台剧,31&&站日韩剧,32&&站欧美剧,33&&动作片1,34&&喜剧片2,35&&爱情片3,36&&科幻片4,37&&恐怖片5,38&&剧情片6,39&&综艺7,40&&动漫8,41&&动作片9,42&&喜剧片10,43&&爱情片11,44&&科幻片12,45&&恐怖片13,46&&剧情片14,47&&战争片15,48&&动漫16,49&&动作片17,50&&喜剧片18,51&&爱情片19,52&&科幻片20,53&&恐怖片21,54&&剧情片22,55&&战争片23,56&&国产剧24,57&&港台剧25,58&&日韩剧26,59&&欧美剧27,60&&悬疑片28,61&&纪录片29,62&&海外剧30,63&&动画片31,64&&蓝光资源32,65&&其他剧33,66&&古装片34,67&&青春片35,68&&番剧36,69&&站37,70&&站电影38,71&&站国产剧39,72&&站动漫40,73&&站纪录片41,74&&影视解说42,75&&国创43,76&&站港台剧44,77&&站日韩剧45,78&&站欧美剧46,79&&综艺47,80&&动漫48,81&&动作片49,82&&喜剧片50,83&&爱情片51,84&&科幻片52,85&&恐怖片53,86&&剧情片54,87&&战争片55,88",
      "click": true,
      "wePlus": {}
    },
    {
      "id": 1,
      "name": "18X 狼少年资源",
      "url": "http://lsnzxcj.com/inc/api.php",
      "cate": "综艺,2&&动漫,3&&动作片,4&&喜剧片,5&&爱情片,6&&科幻片,7&&恐怖片,8&&剧情片,9&&战争片,10&&国产剧,11&&港台剧,12&&日韩剧,13&&欧美剧,14&&悬疑片,15&&纪录片,16&&海外剧,17&&动画片,18&&蓝光资源,19&&其他剧,20&&古装片,21&&青春片,22&&番剧,23&&站,24&&站电影,25&&站国产剧,26&&站动漫,27&&站纪录片,28&&影视解说,29&&国创,30&&站港台剧,31&&站日韩剧,32&&站欧美剧,33&&动作片1,34&&喜剧片2,35&&爱情片3,36&&科幻片4,37&&恐怖片5,38&&剧情片6,39&&综艺7,40&&动漫8,41&&动作片9,42&&喜剧片10,43&&爱情片11,44&&科幻片12,45&&恐怖片13,46&&剧情片14,47&&战争片15,48&&动漫16,49&&动作片17,50&&喜剧片18,51&&爱情片19,52&&科幻片20,53&&恐怖片21,54&&剧情片22,55&&战争片23,56&&国产剧24,57&&港台剧25,58&&日韩剧26,59&&欧美剧27,60&&悬疑片28,61&&纪录片29,62&&海外剧30,63&&动画片31,64&&蓝光资源32,65&&其他剧33,66&&古装片34,67&&青春片35,68&&番剧36,69&&站37,70&&站电影38,71&&站国产剧39,72&&站动漫40,73&&站纪录片41,74&&影视解说42,75&&国创43,76&&站港台剧44,77&&站日韩剧45,78&&站欧美剧46,79&&综艺47,80&&动漫48,81&&动作片49,82&&喜剧片50,83&&爱情片51,84&&科幻片52,85&&恐怖片53,86&&剧情片54,87&&战争片55,88",
      "click": true,
      "wePlus": {}
    },
    {
      "id": 1,
      "name": "18X 字幕网资源",
      "url": "http://zcyydy.com/api",
      "cate": "综艺,2&&动漫,3&&动作片,4&&喜剧片,5&&爱情片,6&&科幻片,7&&恐怖片,8&&剧情片,9&&战争片,10&&国产剧,11&&港台剧,12&&日韩剧,13&&欧美剧,14&&悬疑片,15&&纪录片,16&&海外剧,17&&动画片,18&&蓝光资源,19&&其他剧,20&&古装片,21&&青春片,22&&番剧,23&&站,24&&站电影,25&&站国产剧,26&&站动漫,27&&站纪录片,28&&影视解说,29&&国创,30&&站港台剧,31&&站日韩剧,32&&站欧美剧,33&&动作片1,34&&喜剧片2,35&&爱情片3,36&&科幻片4,37&&恐怖片5,38&&剧情片6,39&&综艺7,40&&动漫8,41&&动作片9,42&&喜剧片10,43&&爱情片11,44&&科幻片12,45&&恐怖片13,46&&剧情片14,47&&战争片15,48&&动漫16,49&&动作片17,50&&喜剧片18,51&&爱情片19,52&&科幻片20,53&&恐怖片21,54&&剧情片22,55&&战争片23,56&&国产剧24,57&&港台剧25,58&&日韩剧26,59&&欧美剧27,60&&悬疑片28,61&&纪录片29,62&&海外剧30,63&&动画片31,64&&蓝光资源32,65&&其他剧33,66&&古装片34,67&&青春片35,68&&番剧36,69&&站37,70&&站电影38,71&&站国产剧39,72&&站动漫40,73&&站纪录片41,74&&影视解说42,75&&国创43,76&&站港台剧44,77&&站日韩剧45,78&&站欧美剧46,79&&综艺47,80&&动漫48,81&&动作片49,82&&喜剧片50,83&&爱情片51,84&&科幻片52,85&&恐怖片53,86&&剧情片54,87&&战争片55,88",
      "click": true,
      "wePlus": {}
    },
    {
      "id": 1,
      "name": "18X 大地资源",
      "url": "https://dadiapi.com/api.php",
      "cate": "综艺,2&&动漫,3&&动作片,4&&喜剧片,5&&爱情片,6&&科幻片,7&&恐怖片,8&&剧情片,9&&战争片,10&&国产剧,11&&港台剧,12&&日韩剧,13&&欧美剧,14&&悬疑片,15&&纪录片,16&&海外剧,17&&动画片,18&&蓝光资源,19&&其他剧,20&&古装片,21&&青春片,22&&番剧,23&&站,24&&站电影,25&&站国产剧,26&&站动漫,27&&站纪录片,28&&影视解说,29&&国创,30&&站港台剧,31&&站日韩剧,32&&站欧美剧,33&&动作片1,34&&喜剧片2,35&&爱情片3,36&&科幻片4,37&&恐怖片5,38&&剧情片6,39&&综艺7,40&&动漫8,41&&动作片9,42&&喜剧片10,43&&爱情片11,44&&科幻片12,45&&恐怖片13,46&&剧情片14,47&&战争片15,48&&动漫16,49&&动作片17,50&&喜剧片18,51&&爱情片19,52&&科幻片20,53&&恐怖片21,54&&剧情片22,55&&战争片23,56&&国产剧24,57&&港台剧25,58&&日韩剧26,59&&欧美剧27,60&&悬疑片28,61&&纪录片29,62&&海外剧30,63&&动画片31,64&&蓝光资源32,65&&其他剧33,66&&古装片34,67&&青春片35,68&&番剧36,69&&站37,70&&站电影38,71&&站国产剧39,72&&站动漫40,73&&站纪录片41,74&&影视解说42,75&&国创43,76&&站港台剧44,77&&站日韩剧45,78&&站欧美剧46,79&&综艺47,80&&动漫48,81&&动作片49,82&&喜剧片50,83&&爱情片51,84&&科幻片52,85&&恐怖片53,86&&剧情片54,87&&战争片55,88",
      "click": true,
      "wePlus": {}
    },
    {
      "id": 1,
      "name": "18X 久草资源",
      "url": "http://ssyydy.com/api",
      "cate": "综艺,2&&动漫,3&&动作片,4&&喜剧片,5&&爱情片,6&&科幻片,7&&恐怖片,8&&剧情片,9&&战争片,10&&国产剧,11&&港台剧,12&&日韩剧,13&&欧美剧,14&&悬疑片,15&&纪录片,16&&海外剧,17&&动画片,18&&蓝光资源,19&&其他剧,20&&古装片,21&&青春片,22&&番剧,23&&站,24&&站电影,25&&站国产剧,26&&站动漫,27&&站纪录片,28&&影视解说,29&&国创,30&&站港台剧,31&&站日韩剧,32&&站欧美剧,33&&动作片1,34&&喜剧片2,35&&爱情片3,36&&科幻片4,37&&恐怖片5,38&&剧情片6,39&&综艺7,40&&动漫8,41&&动作片9,42&&喜剧片10,43&&爱情片11,44&&科幻片12,45&&恐怖片13,46&&剧情片14,47&&战争片15,48&&动漫16,49&&动作片17,50&&喜剧片18,51&&爱情片19,52&&科幻片20,53&&恐怖片21,54&&剧情片22,55&&战争片23,56&&国产剧24,57&&港台剧25,58&&日韩剧26,59&&欧美剧27,60&&悬疑片28,61&&纪录片29,62&&海外剧30,63&&动画片31,64&&蓝光资源32,65&&其他剧33,66&&古装片34,67&&青春片35,68&&番剧36,69&&站37,70&&站电影38,71&&站国产剧39,72&&站动漫40,73&&站纪录片41,74&&影视解说42,75&&国创43,76&&站港台剧44,77&&站日韩剧45,78&&站欧美剧46,79&&综艺47,80&&动漫48,81&&动作片49,82&&喜剧片50,83&&爱情片51,84&&科幻片52,85&&恐怖片53,86&&剧情片54,87&&战争片55,88",
      "click": true,
      "wePlus": {}
    },
    {
      "id": 1,
      "name": "18X 色色资源",
      "url": "http://m.7777688.com/inc/api.php",
      "cate": "综艺,2&&动漫,3&&动作片,4&&喜剧片,5&&爱情片,6&&科幻片,7&&恐怖片,8&&剧情片,9&&战争片,10&&国产剧,11&&港台剧,12&&日韩剧,13&&欧美剧,14&&悬疑片,15&&纪录片,16&&海外剧,17&&动画片,18&&蓝光资源,19&&其他剧,20&&古装片,21&&青春片,22&&番剧,23&&站,24&&站电影,25&&站国产剧,26&&站动漫,27&&站纪录片,28&&影视解说,29&&国创,30&&站港台剧,31&&站日韩剧,32&&站欧美剧,33&&动作片1,34&&喜剧片2,35&&爱情片3,36&&科幻片4,37&&恐怖片5,38&&剧情片6,39&&综艺7,40&&动漫8,41&&动作片9,42&&喜剧片10,43&&爱情片11,44&&科幻片12,45&&恐怖片13,46&&剧情片14,47&&战争片15,48&&动漫16,49&&动作片17,50&&喜剧片18,51&&爱情片19,52&&科幻片20,53&&恐怖片21,54&&剧情片22,55&&战争片23,56&&国产剧24,57&&港台剧25,58&&日韩剧26,59&&欧美剧27,60&&悬疑片28,61&&纪录片29,62&&海外剧30,63&&动画片31,64&&蓝光资源32,65&&其他剧33,66&&古装片34,67&&青春片35,68&&番剧36,69&&站37,70&&站电影38,71&&站国产剧39,72&&站动漫40,73&&站纪录片41,74&&影视解说42,75&&国创43,76&&站港台剧44,77&&站日韩剧45,78&&站欧美剧46,79&&综艺47,80&&动漫48,81&&动作片49,82&&喜剧片50,83&&爱情片51,84&&科幻片52,85&&恐怖片53,86&&剧情片54,87&&战争片55,88",
      "click": true,
      "wePlus": {}
    },
    {
      "id": 1,
      "name": "18X 辣椒资源",
      "url": "http://api.11bat.com/mac10.php",
      "cate": "综艺,2&&动漫,3&&动作片,4&&喜剧片,5&&爱情片,6&&科幻片,7&&恐怖片,8&&剧情片,9&&战争片,10&&国产剧,11&&港台剧,12&&日韩剧,13&&欧美剧,14&&悬疑片,15&&纪录片,16&&海外剧,17&&动画片,18&&蓝光资源,19&&其他剧,20&&古装片,21&&青春片,22&&番剧,23&&站,24&&站电影,25&&站国产剧,26&&站动漫,27&&站纪录片,28&&影视解说,29&&国创,30&&站港台剧,31&&站日韩剧,32&&站欧美剧,33&&动作片1,34&&喜剧片2,35&&爱情片3,36&&科幻片4,37&&恐怖片5,38&&剧情片6,39&&综艺7,40&&动漫8,41&&动作片9,42&&喜剧片10,43&&爱情片11,44&&科幻片12,45&&恐怖片13,46&&剧情片14,47&&战争片15,48&&动漫16,49&&动作片17,50&&喜剧片18,51&&爱情片19,52&&科幻片20,53&&恐怖片21,54&&剧情片22,55&&战争片23,56&&国产剧24,57&&港台剧25,58&&日韩剧26,59&&欧美剧27,60&&悬疑片28,61&&纪录片29,62&&海外剧30,63&&动画片31,64&&蓝光资源32,65&&其他剧33,66&&古装片34,67&&青春片35,68&&番剧36,69&&站37,70&&站电影38,71&&站国产剧39,72&&站动漫40,73&&站纪录片41,74&&影视解说42,75&&国创43,76&&站港台剧44,77&&站日韩剧45,78&&站欧美剧46,79&&综艺47,80&&动漫48,81&&动作片49,82&&喜剧片50,83&&爱情片51,84&&科幻片52,85&&恐怖片53,86&&剧情片54,87&&战争片55,88",
      "click": true,
      "wePlus": {}
    },
    {
      "id": 1,
      "name": "18X 鲨鱼资源",
      "url": "https://shayuapi.com/api.php/provide/vod/at/xml/",
      "cate": "综艺,2&&动漫,3&&动作片,4&&喜剧片,5&&爱情片,6&&科幻片,7&&恐怖片,8&&剧情片,9&&战争片,10&&国产剧,11&&港台剧,12&&日韩剧,13&&欧美剧,14&&悬疑片,15&&纪录片,16&&海外剧,17&&动画片,18&&蓝光资源,19&&其他剧,20&&古装片,21&&青春片,22&&番剧,23&&站,24&&站电影,25&&站国产剧,26&&站动漫,27&&站纪录片,28&&影视解说,29&&国创,30&&站港台剧,31&&站日韩剧,32&&站欧美剧,33&&动作片1,34&&喜剧片2,35&&爱情片3,36&&科幻片4,37&&恐怖片5,38&&剧情片6,39&&综艺7,40&&动漫8,41&&动作片9,42&&喜剧片10,43&&爱情片11,44&&科幻片12,45&&恐怖片13,46&&剧情片14,47&&战争片15,48&&动漫16,49&&动作片17,50&&喜剧片18,51&&爱情片19,52&&科幻片20,53&&恐怖片21,54&&剧情片22,55&&战争片23,56&&国产剧24,57&&港台剧25,58&&日韩剧26,59&&欧美剧27,60&&悬疑片28,61&&纪录片29,62&&海外剧30,63&&动画片31,64&&蓝光资源32,65&&其他剧33,66&&古装片34,67&&青春片35,68&&番剧36,69&&站37,70&&站电影38,71&&站国产剧39,72&&站动漫40,73&&站纪录片41,74&&影视解说42,75&&国创43,76&&站港台剧44,77&&站日韩剧45,78&&站欧美剧46,79&&综艺47,80&&动漫48,81&&动作片49,82&&喜剧片50,83&&爱情片51,84&&科幻片52,85&&恐怖片53,86&&剧情片54,87&&战争片55,88",
      "click": true,
      "wePlus": {}
    },
    {
      "id": 1,
      "name": "18X AV88资源",
      "url": "http://api.iixxzyapi.com/inc/api.php",
      "cate": "综艺,2&&动漫,3&&动作片,4&&喜剧片,5&&爱情片,6&&科幻片,7&&恐怖片,8&&剧情片,9&&战争片,10&&国产剧,11&&港台剧,12&&日韩剧,13&&欧美剧,14&&悬疑片,15&&纪录片,16&&海外剧,17&&动画片,18&&蓝光资源,19&&其他剧,20&&古装片,21&&青春片,22&&番剧,23&&站,24&&站电影,25&&站国产剧,26&&站动漫,27&&站纪录片,28&&影视解说,29&&国创,30&&站港台剧,31&&站日韩剧,32&&站欧美剧,33&&动作片1,34&&喜剧片2,35&&爱情片3,36&&科幻片4,37&&恐怖片5,38&&剧情片6,39&&综艺7,40&&动漫8,41&&动作片9,42&&喜剧片10,43&&爱情片11,44&&科幻片12,45&&恐怖片13,46&&剧情片14,47&&战争片15,48&&动漫16,49&&动作片17,50&&喜剧片18,51&&爱情片19,52&&科幻片20,53&&恐怖片21,54&&剧情片22,55&&战争片23,56&&国产剧24,57&&港台剧25,58&&日韩剧26,59&&欧美剧27,60&&悬疑片28,61&&纪录片29,62&&海外剧30,63&&动画片31,64&&蓝光资源32,65&&其他剧33,66&&古装片34,67&&青春片35,68&&番剧36,69&&站37,70&&站电影38,71&&站国产剧39,72&&站动漫40,73&&站纪录片41,74&&影视解说42,75&&国创43,76&&站港台剧44,77&&站日韩剧45,78&&站欧美剧46,79&&综艺47,80&&动漫48,81&&动作片49,82&&喜剧片50,83&&爱情片51,84&&科幻片52,85&&恐怖片53,86&&剧情片54,87&&战争片55,88",
      "click": true,
      "wePlus": {}
       }
]
}
