
{
  "data": [
   {
      "name": "94神马",
      "pic": "http://dwz.date/dVSc",
      "url": "https://gitee.com/shuncaigao/sourceShare/raw/master/tv/doubantop100.json",
      "type": "webPlug",
      "subTitle": "高清无筛选(菜单键或上下键选集)",
      "subMobileTitle": "高清无筛选",
      "click": true,
      "webPlus": {
        "search_url": "http://www.9rmb.com/search?wd={kw}",
        "nav_url": "http://www.9rmb.com/type/navCate/navPage.html",
        "cate_url": "http://1090ys1.com/whole/cateNav_cateArea_cateCate__cateYear___0_id_catePage.html",
        "web_name": "94神马影视",
        "kw": "wd",
        "params": [
          {
            "key": "key",
            "value": "value"
          }
        ],
        "navHtml": {
          "name": [
            "电影",
            "电视剧",
            "动漫",
            "综艺"
          ],
          "cate": [
            "1",
            "2",
            "7",
            "4"
          ],
          "page": "1"
        },
        "cateHtml": {
          "isCate": false,
          "isYear": false,
          "isArea": false,
          "cate": "全部,&&动作,动作&&剧情,剧情&&喜剧,喜剧&&爱情,爱情&&科幻,科幻&&惊悚,惊悚&&恐怖,恐怖&&悬疑,悬疑&&冒险,冒险&&魔幻,魔幻&&奇幻,奇幻&&历史,历史&&犯罪,犯罪&&动画,动画&&偶像,偶像&&记录,记录&&青春,青春&&丧尸,丧尸&&幻想,幻想&&战争,战争&&西部,西部&&通话,通话&&暴力,暴力&&古装,古装&&武侠,武侠&&灾难,灾难&&谍战,谍战&&生活,生活&&讽刺,讽刺&&同性,同性&&传记,传记&&枪战,枪战",
          "year": "全部,&&2020,2020&&2019,2019&&2018,2018&&2017,2017&&2016,2016&&2015,2015&&2014,2014&&2013,2013&&2012,2012&&2011,2011&&2010,2010&&2009,2009&&2008,2008&&更早,更早",
          "area": "全部,&&中国大陆,中国大陆&&中国香港,中国香港&&中国台湾,中国台湾&&美国,美国&&法国,法国&&英国,英国&&日本,日本&&韩国,韩国&&印度,印度&&德国,德国&&泰国,泰国&&其他,其他"
        },
        "html": {
          "episodes": {
            "hasUrlPrefix": false,
            "isListItemAttr": true,
            "isReg": false,
            "isRegNeedDecoder": false,
            "listCss": "ul > li",
            "isMultiList": false,
            "listCssMulti": "",
            "listItemAttr": "href",
            "listItemCss": "a",
            "listItemIndex": 0,
            "mainCss": "div.panel.panel-default.resource-list",  ///html/body/div[2]/div[2]/div
            "mainIndex": 0,
            "regIndexList": [
              0
            ],
            "regItemIndex": 0,
            "regItemStr": "",
            "regSplitList": [
              ""
            ],
            "regStrList": [
              ""
            ]
          },
          "nav": {
            "isKWInUrl": false,
            "isWebPlay": false,
            "descAttr": "",
            "descCss": "button.hdtag",
            "descIndex": 0,
            "hasImgUrlPrefix": true,
            "hasUrlPrefix": false,
            "imgAttr": "src",
            "imgCss": "img",
            "imgIndex": 0,
            "isDescAttr": false,
            "isImgAttr": true,
            "isNameAttr": true,
            "isUrlAttr": true,
            "mainCss": "div.row",
            "mainListIndex": 1,
            "nameAttr": "title",
            "nameCss": "a",
            "nameIndex": 0,
            "searchListCss": "div.col-md-1-5 > div.movie-item",
            "urlAttr": "href",
            "urlCss": "a",
            "urlIndex": 0
          },
          "search": {
            "isKWInUrl": false,
            "isWebPlay": false,
            "descAttr": "",
            "descCss": "button.hdtag",
            "descIndex": 0,
            "hasImgUrlPrefix": true,
            "hasUrlPrefix": false,
            "imgAttr": "src",
            "imgCss": "img",
            "imgIndex": 0,
            "isDescAttr": false,
            "isImgAttr": true,
            "isNameAttr": true,
            "isUrlAttr": true,
            "mainCss": "div.row",
            "mainListIndex": 1,
            "nameAttr": "title",
            "nameCss": "a",
            "nameIndex": 0,
            "searchListCss": "div.col-md-1-5 > div.movie-item",
            "urlAttr": "href",
            "urlCss": "a",
            "urlIndex": 0
          },
          "video": {
            "episodesListCss": "",
            "episodesMainCss": "",
            "episodesMainIndex": 0,
            "hasEpisodes": false,
            "hasUrlPrefix": false,
            "iframeAttr": "src",
            "iframeIndex": 0,
            "isFrame": true,
            "isFrameProcess": false,
            "isItemAttr": false,
            "isNameAttr": false,
            "isReg": true,
            "isUrlAttr": false,
            "itemAttr": "",
            "itemCss": "script",
            "itemIndex": 2,
            "mainCss": "body",
            "mainIndex": 0,
            "nameAttr": "",
            "nameCss": "",
            "nameIndex": 0,
            "regIndex": 0,
            "regStr": "(?<=<video src=\")(.*)(?=\" controls=)",
            "title": "",
            "urlAttr": "",
            "urlCss": "",
            "urlIndex": 0,
            "videoCss": "",
            "videoIndex": 1,
            "isVideoUrlAttr": true,
            "videoUrlAttr": "",
            "isFromWebView": false,
            "js": ""
          }
        }
      }
    },
    {
      "name": "奈飞影视",
      "pic": "http://dwz.date/dVS9",
      "url": "https://gitee.com/shuncaigao/sourceShare/raw/master/tv/doubantop100.json",
      "type": "webPlug",
      "subTitle": "高清速度快有筛选(菜单键或上下键选集)",
      "subMobileTitle": "高清速度快有筛选",
      "click":  false,
      "webPlus": {
        "search_url": "https://www.nfstar.net/vodsearch/-------------/?wd={kw}",
        "nav_url": "https://www.nfstar.net/vodtype/navCate-navPage.html",
       // "cate_url": "https://www.nfmovies.com/search.php?page=catePage&searchtype=5&tid=cateNav&area=cateArea&year=cateYear",
        "cate_url": "https://www.nfstar.net/vodshow/cateNav-cateArea--cateCate--------catePage---cateYear.html",
        "web_name": "奈飞影视",
        "kw": "wd",
        "params": [
          {
            "key": "key",
            "value": "value"
          }
        ],
        "navHtml": {
          "name": [
            "电影",
            "欧美剧",
            "国产剧",
            "日韩剧",
            "动漫",
            "纪录片",
            "综艺",
            "油管"
          ],
          "cate": [
            "20",
            "21",
            "22",
            "23",
            "34",
            "26",
            "42",
            "33"
          ],
          "page": "1"
        },
        "cateHtml": {
          "isCate": false,
          "isYear": false,
          "isArea": false,
          "cate": "全部,&&动作,动作&&剧情,剧情&&喜剧,喜剧&&爱情,爱情&&科幻,科幻&&惊悚,惊悚&&恐怖,恐怖&&悬疑,悬疑&&奇幻,奇幻古装,古装&&灾难,灾难",
          "year": "全部,&&2020,2020&&2019,2019&&2018,2018&&2017,2017&&2016,2016&&2015,2015&&2014,2014&&2013,2013&&2012,2012&&2011,2011&&2010,2010&&2009,2009&&2008,2008&&更早,更早",
          "area": "全部,&&大陆,大陆&&香港,香港&&台湾,台湾&&美国,美国&&法国,法国&&英国,英国&&日本,日本&&韩国,韩国&&印度,印度&&泰国,泰国&&其他,其他"
        },
        "html": {
          "episodes": {
            "hasUrlPrefix": false,
            "isListItemAttr": true,
            "isReg": false,
            "isRegNeedDecoder": false,
            "listCss": "ul > li",
            "isMultiList": false,
            "listCssMulti": "",
            "listItemAttr": "href",
            "listItemCss": "a",
            "listItemIndex": 0,
            "mainCss": "div.myui-panel-box.clearfix",  
            "mainIndex": 0,
            "regIndexList": [
              0
            ],
            "regItemIndex": 0,
            "regItemStr": "",
            "regSplitList": [
              ""
            ],
            "regStrList": [
              ""
            ]
          },
          "nav": {
            "isKWInUrl": false,
            "isWebPlay": false,
            "descAttr": "",
            "descCss": "span.pic-text.text-right",
            "descIndex": 0,
            "hasUrlPrefix": false,
            "hasImgUrlPrefix": true,
            "imgAttr": "data-original",
            "imgCss": "a",
            "imgIndex": 0,
            "isDescAttr": false,
            "isImgAttr": true,
            "isNameAttr": true,
            "isUrlAttr": true,
            "mainCss": "ul.myui-vodlist.clearfix",
            "mainListIndex": 0,
            "nameAttr": "title",
            "nameCss": "a",
            "nameIndex": 0,
            "searchListCss": "li",
            "urlAttr": "href",
            "urlCss": "a",
            "urlIndex": 0
          },
          "search": {
            "isKWInUrl": false,
            "isWebPlay": false,
            "descAttr": "",
            "descCss": "span.pic-text.text-right",
            "descIndex": 0,
            "hasUrlPrefix": false,
            "hasImgUrlPrefix": true,
            "imgAttr": "data-original",
            "imgCss": "a",
            "imgIndex": 0,
            "isDescAttr": false,
            "isImgAttr": true,
            "isNameAttr": true,
            "isUrlAttr": true,
            "mainCss": "ul#searchList",
            "mainListIndex": 0,
            "nameAttr": "title",
            "nameCss": "a",
            "nameIndex": 0,
            "searchListCss": "li",
            "urlAttr": "href",
            "urlCss": "a",
            "urlIndex": 0
          },
          "video": {
            "episodesListCss": "",
            "episodesMainCss": "",
            "episodesMainIndex": 0,
            "hasEpisodes": false,
            "hasUrlPrefix": false,
            "iframeAttr": "src",
            "iframeIndex": 0,
            "isFrame": true,
            "isFrameProcess": false,
            "isItemAttr": false,
            "isNameAttr": false,
            "isReg": true,
            "isUrlAttr": false,
            "itemAttr": "",
            "itemCss": "script",
            "itemIndex": 2,
            "mainCss": "body",
            "mainIndex": 0,
            "nameAttr": "",
            "nameCss": "",
            "nameIndex": 0,
            "regIndex": 0,
            "regStr": "(?<=<video src=\")(.*)(?=\" controls=)",
            "title": "",
            "urlAttr": "",
            "urlCss": "",
            "urlIndex": 0,
            "videoCss": "",
            "videoIndex": 1,
            "isVideoUrlAttr": true,
            "videoUrlAttr": "",
            "isFromWebView": false,
            "js": ""
          }
        }
      }
    },
    {
      "name": "宅看影视",
      "pic": "http://dwz.date/dVS4",
      "url": "https://gitee.com/shuncaigao/sourceShare/raw/master/tv/doubantop100.json",
      "type": "webPlug",
      "subTitle": "高清速度快无筛选(菜单键或上下键选集)",
      "subMobileTitle": "高清速度快无筛选",
      "click": true,
      "webPlus": {
        "search_url": "https://www.zhaikanys.com/vodsearch/-------------.html?wd={kw}", //搜索引擎
        "nav_url": "https://www.zhaikanys.com/vodshow/navCate--------navPage---.html",  //筛选页面 (app内搜索结果页面)
                  //https://www.zhaikanys.com/vodshow/1--------1---.html 分类为电影,从第一页排序
        "cate_url": "https://www.zhaikanys.com/vodshow/cateNav-cateArea--cateCate-----catePage---cateYear.html", //全筛选格式
                        //   网址----------------------动作片----香港------喜剧----------第一页-----年份
        "web_name": "宅看影视",
        "kw": "wd",
        "params": [
          {
            "key": "key",
            "value": "value"
          }
        ],
        "navHtml": {
          "name": [ //分类名称
            "电影",
            "电视剧",
            "动漫",
            "综艺"
          ],
          "cate": [ //分类名称基址
            "1",
            "2",
            "4",
            "3"
          ],
          "page": "1" //搜索页初始页 ,一般第一页
        },
        "cateHtml": {
          "isCate": true,
          "isYear": true,
          "isArea": true,
          "cate": "全部,&&动作,动作&&喜剧,喜剧&&爱情,爱情&&科幻,科幻&&惊悚,惊悚&&恐怖,恐怖&&悬疑,悬疑&&动画,动画&&幻想,幻想&&战争,战争&&古装,古装",
          "year": "全部,&&2020,2020&&2019,2019&&2018,2018&&2017,2017&&2016,2016&&2015,2015&&2014,2014&&2013,2013&&2012,2012&&2011,2011&&2010,2010&&2009,2009&&2008,2008&&更早,更早",
          "area": "全部,&&大陆,大陆&&香港,香港&&台湾,台湾&&美国,美国&&法国,法国&&英国,英国&&日本,日本&&韩国,韩国&&印度,印度&&德国,德国&&泰国,泰国&&其他,其他"
        },
        "html": {
          "episodes": {
            "hasUrlPrefix": false,
            "isListItemAttr": true,
            "isReg": false,
            "isRegNeedDecoder": false,
            "listCss": "li",
            "isMultiList": false,
            "listCssMulti": "",
            "listItemAttr": "href",
            "listItemCss": "a",
            "listItemIndex": 0,
            "mainCss": "ul.myui-content__list.playlist.clearfix",
            "mainIndex": 0,
            "regIndexList": [
              0
            ],
            "regItemIndex": 0,
            "regItemStr": "",
            "regSplitList": [
              ""
            ],
            "regStrList": [
              ""
            ]
          },
          "nav": {
            "isKWInUrl": false,
            "isWebPlay": false,
            "descAttr": "",
            "descCss": "span.pic-text.text-right",
            "descIndex": 0,
            "hasImgUrlPrefix": true,
            "hasUrlPrefix": false,
            "imgAttr": "data-original",
            "imgCss": "a",
            "imgIndex": 0,
            "isDescAttr": false,
            "isImgAttr": true,
            "isNameAttr": false,
            "isUrlAttr": true,
            "mainCss": "ul.myui-vodlist.clearfix",
            "mainListIndex": 0,
            "nameAttr": "title",
            "nameCss": "a",
            "nameIndex": 1,
            "searchListCss": "li",
            "urlAttr": "href",
            "urlCss": "a",
            "urlIndex": 0
          },
          "search": {
            "isKWInUrl": false,
            "isWebPlay": false,
            "descAttr": "",
            "descCss": "span.pic-text.text-right",
            "descIndex": 0,
            "hasImgUrlPrefix": true,
            "hasUrlPrefix": false,
            "imgAttr": "data-original",
            "imgCss": "a",
            "imgIndex": 0,
            "isDescAttr": false,
            "isImgAttr": true,
            "isNameAttr": true,
            "isUrlAttr": true,
            "mainCss": "ul.myui-vodlist__media.clearfix",
            "mainListIndex": 0,
            "nameAttr": "title",
            "nameCss": "a",
            "nameIndex": 0,
            "searchListCss": "li",
            "urlAttr": "href",
            "urlCss": "a",
            "urlIndex": 0
          },
          "video": {
            "episodesListCss": "",
            "episodesMainCss": "",
            "episodesMainIndex": 0,
            "hasEpisodes": false,
            "hasUrlPrefix": false,
            "iframeAttr": "src",
            "iframeIndex": 0,
            "isFrame": true,
            "isFrameProcess": false,
            "isItemAttr": false,
            "isNameAttr": false,
            "isReg": true,
            "isUrlAttr": false,
            "itemAttr": "",
            "itemCss": "script",
            "itemIndex": 2,
            "mainCss": "body",
            "mainIndex": 0,
            "nameAttr": "",
            "nameCss": "",
            "nameIndex": 0,
            "regIndex": 0,
            "regStr": "(?<=<video src=\")(.*)(?=\" controls=)",
            "title": "",
            "urlAttr": "",
            "urlCss": "",
            "urlIndex": 0,
            "videoCss": "",
            "videoIndex": 1,
            "isVideoUrlAttr": true,
            "videoUrlAttr": "",
            "isFromWebView": false,
            "js": ""
          }
        }
      }
    },
    {
      "name": "COKEMV影视",
      "pic": "http://dwz.date/dVS3",
      "url": "https://gitee.com/shuncaigao/sourceShare/raw/master/tv/doubantop100.json",
      "type": "webPlug",
      "subTitle": "高清有筛选",
      "subMobileTitle": "质量非常之高",
      "click": true,
      "webPlus": {
        "search_url": "https://cokemv.cn/vodsearch/-------------.html?wd={kw}",
        "nav_url": "https://cokemv.cn/vodtype/navCate-navPage.html",
        "cate_url": "https://cokemv.cn/index.php/vod/show/id/cateNav/page/catePage/year/cateYear.html",
        "web_name": "COKEMV影视",
        "kw": "wd",
        "params": [
          {
            "key": "key",
            "value": "value"
          }
        ],
        "navHtml": {
          "name": [
            "抖音电影",
            "电影",
            "电视剧",
            "动漫",
            "综艺"
          ],
          "cate": [
            "5",
            "1",
            "2",
            "4",
            "3"
          ],
          "page": "1"
        },
        "cateHtml": {
          "isCate": false,
          "isYear": true,
          "isArea": false,
          "cate": "全部,&&动作,动作&&剧情,剧情&&喜剧,喜剧&&爱情,爱情&&科幻,科幻&&惊悚,惊悚&&恐怖,恐怖&&悬疑,悬疑&&奇幻,奇幻&&历史,历史&&犯罪,犯罪&&动画,动画&&丧尸,丧尸&&幻想,幻想&&战争,战争&&暴力,暴力&&古装,古装&&武侠,武侠&&灾难,灾难",
          "year": "全部,&&2020,2020&&2019,2019&&2018,2018&&2017,2017&&2016,2016&&2015,2015&&2014,2014&&2013,2013&&2012,2012&&2011,2011&&2010,2010&&2009,2009&&2008,2008&&更早,更早",
          "area": "全部,&&大陆,大陆&&香港,香港&&台湾,台湾&&美国,美国&&法国,法国&&英国,英国&&日本,日本&&韩国,韩国&&印度,印度&&德国,德国&&泰国,泰国&&其他,其他"
        },
        "html": {
          "episodes": {
            "hasUrlPrefix": false,
            "isListItemAttr": true,
            "isReg": false,
            "isRegNeedDecoder": false,
            "listCss": "ul > li",
            "isMultiList": false,
            "listCssMulti": "",
            "listItemAttr": "href",
            "listItemCss": "a",
            "listItemIndex": 0,
            "mainCss": "div#playlist1",
            "mainIndex": 0,
            "regIndexList": [
              0
            ],
            "regItemIndex": 0,
            "regItemStr": "",
            "regSplitList": [
              ""
            ],
            "regStrList": [
              ""
            ]
          },
          "nav": {
            "isKWInUrl": false,
            "isWebPlay": false,
            "descAttr": "",
            "descCss": "span.tag",
            "descIndex": 0,
            "hasImgUrlPrefix": true,
            "hasUrlPrefix": false,
            "imgAttr": "data-original",
            "imgCss": "a",
            "imgIndex": 0,
            "isDescAttr": false,
            "isImgAttr": true,
            "isNameAttr": true,
            "isUrlAttr": true,
            "mainCss": "ul.myui-vodlist.clearfix",
            "mainListIndex": 0,
            "nameAttr": "title",
            "nameCss": "a",
            "nameIndex": 0,
            "searchListCss": "li",
            "urlAttr": "href",
            "urlCss": "a",
            "urlIndex": 0
          },
          "search": {
            "isKWInUrl": false,
            "isWebPlay": false,
            "descAttr": "",
            "descCss": "span.tag",
            "descIndex": 0,
            "hasImgUrlPrefix": true,
            "hasUrlPrefix": false,
            "imgAttr": "data-original",
            "imgCss": "a",
            "imgIndex": 0,
            "isDescAttr": false,
            "isImgAttr": true,
            "isNameAttr": true,
            "isUrlAttr": true,
            "mainCss": "ul#searchList",
            "mainListIndex": 0,
            "nameAttr": "title",
            "nameCss": "a",
            "nameIndex": 0,
            "searchListCss": "li",
            "urlAttr": "href",
            "urlCss": "a",
            "urlIndex": 0
          },
          "video": {
            "episodesListCss": "",
            "episodesMainCss": "",
            "episodesMainIndex": 0,
            "hasEpisodes": false,
            "hasUrlPrefix": false,
            "iframeAttr": "src",
            "iframeIndex": 0,
            "isFrame": true,
            "isFrameProcess": false,
            "isItemAttr": false,
            "isNameAttr": false,
            "isReg": true,
            "isUrlAttr": false,
            "itemAttr": "",
            "itemCss": "script",
            "itemIndex": 2,
            "mainCss": "body",
            "mainIndex": 0,
            "nameAttr": "",
            "nameCss": "",
            "nameIndex": 0,
            "regIndex": 0,
            "regStr": "(?<=<video src=\")(.*)(?=\" controls=)",
            "title": "",
            "urlAttr": "",
            "urlCss": "",
            "urlIndex": 0,
            "videoCss": "",
            "videoIndex": 1,
            "isVideoUrlAttr": true,
            "videoUrlAttr": "",
            "isFromWebView": false,
            "js": ""
          }
        }
      }
    },
    {
      "name": "奇侠高清",
      "pic": "http://dwz.date/dVSh",
      "url": "https://gitee.com/shuncaigao/sourceShare/raw/master/tv/doubantop100.json",
      "type": "webPlug",
      "subTitle": "高清有筛选(菜单键或上下键选集)",
      "subMobileTitle": "高清有筛选",
      "click": true,
      "webPlus": {
        "search_url": "https://www.7xiady.cc/search/-------------.html?wd={kw}",
        "nav_url": "https://www.7xiady.cc/type/navCate-navPage/",
        "cate_url": "https://www.7xiady.cc/show/cateNav-cateArea--cateCate-----catePage---cateYear.html",
        "web_name": "奇侠高清",
        "kw": "wd",
        "params": [
          {
            "key": "key",
            "value": "value"
          }
        ],
        "navHtml": {
          "name": [
            "电影",
            "连续剧",
            "动漫",
            "综艺"
          ],
          "cate": [
            "dianying",
            "lianxuju",
            "dongman",
            "zongyi"
          ],
          "page": "1"
        },
        "cateHtml": {
          "isCate": true,
          "isYear": true,
          "isArea": true,
          "cate": "全部,&&动作片,动作片&&喜剧片,喜剧片&&爱情片,爱情片&&科幻片,科幻片&&恐怖片,恐怖片&&剧情片,剧情片&&战争片,战争片&&其他片,其他片",
          "year": "全部,&&2020,2020&&2019,2019&&2018,2018&&2017,2017&&2016,2016&&2015,2015&&2014,2014&&2013,2013&&2012,2012&&2011,2011&&2010,2010&&2009,2009&&2008,2008&&更早,更早",
          "area": "全部,&&大陆,大陆&&香港,香港&&台湾,台湾&&美国,美国&&法国,法国&&英国,英国&&日本,日本&&韩国,韩国&&印度,印度&&德国,德国&&泰国,泰国&&其他,其他"
        },
        "html": {
          "episodes": {
            "hasUrlPrefix": false,
            "isListItemAttr": true,
            "isReg": false,
            "isRegNeedDecoder": false,
            "listCss": "ul > li",
            "isMultiList": false,
            "listCssMulti": "",
            "listItemAttr": "href",
            "listItemCss": "a",
            "listItemIndex": 0,
            "mainCss": "div.stui-pannel_bd.col-pd.clearfix",
            "mainIndex": 0,
            "regIndexList": [
              0
            ],
            "regItemIndex": 0,
            "regItemStr": "",
            "regSplitList": [
              ""
            ],
            "regStrList": [
              ""
            ]
          },
          "nav": {
            "isKWInUrl": false,
            "isWebPlay": false,
            "descAttr": "",
            "descCss": "span.pic-text.text-right",
            "descIndex": 0,
            "hasImgUrlPrefix": true,
            "hasUrlPrefix": false,
            "imgAttr": "data-original",
            "imgCss": "a",
            "imgIndex": 0,
            "isDescAttr": false,
            "isImgAttr": true,
            "isNameAttr": true,
            "isUrlAttr": true,
            "mainCss": "div.stui-pannel.clearfix",
            "mainListIndex": 0,
            "nameAttr": "title",
            "nameCss": "a",
            "nameIndex": 0,
            "searchListCss": "ul.stui-vodlist.clearfix > li",
            "urlAttr": "href",
            "urlCss": "a",
            "urlIndex": 0
          },
          "search": {
            "isKWInUrl": false,
            "isWebPlay": false,
            "descAttr": "",
            "descCss": "span.pic-text.text-right",  //目标名称描述
            "descIndex": 0,           //第几个描述标签
            "hasUrlPrefix": false,    //url链接是否有前缀
            "hasImgUrlPrefix": false,             //图片地址是否有前缀
            "imgAttr": "data-original", //图片地址去属性
            "imgCss": "a",               //图片在哪个标签里
            "imgIndex": 0,              //图片在第几个标签里
            "isDescAttr": false,        //描述是否取属性
            "isImgAttr": true,          //取图片属性
            "isNameAttr": true,           //取图片名称
            "isUrlAttr": true,             //取详情地址
            "mainCss": "ul.stui-vodlist.clearfix",      //影视列表
            "mainListIndex": 0,                         //取第几个列表
            "nameAttr": "title",                       //取名称属性 (影片名称)
            "nameCss": "a",                      //取名称标签a class
            "nameIndex": 0,                      //取第几个
            "searchListCss": "ul > li",           //取影视列表个影视
            "urlAttr": "href",                   //取影视详情url
            "urlCss": "a",                       //取详情所在标签a href=
            "urlIndex": 0
          },
          "video": {
            "episodesListCss": "",
            "episodesMainCss": "",
            "episodesMainIndex": 0,
            "hasEpisodes": false,
            "hasUrlPrefix": false,
            "iframeAttr": "src",
            "iframeIndex": 0,
            "isFrame": true,
            "isFrameProcess": false,
            "isItemAttr": false,
            "isNameAttr": false,
            "isReg": true,
            "isUrlAttr": false,
            "itemAttr": "",
            "itemCss": "script",
            "itemIndex": 2,
            "mainCss": "body",
            "mainIndex": 0,
            "nameAttr": "",
            "nameCss": "",
            "nameIndex": 0,
            "regIndex": 0,
            "regStr": "(?<=<video src=\")(.*)(?=\" controls=)",
            "title": "",
            "urlAttr": "",
            "urlCss": "",
            "urlIndex": 0,
            "videoCss": "",
            "videoIndex": 1,
            "isVideoUrlAttr": true,
            "videoUrlAttr": "",
            "isFromWebView": false,
            "js": ""
          }
        }
      }
    },
    {
      "name": "逗号影视",
      "pic": "http://dwz.date/dVSy",
      "url": "https://gitee.com/shuncaigao/sourceShare/raw/master/tv/doubantop100.json",
      "type": "webPlug",
      "subTitle": "高清无筛选(菜单键或上下键选集)",
      "subMobileTitle": "高清无筛选",
      "click": true,
      "webPlus": {
        "search_url": "https://www.dhfun.cn/search.php?searchword={kw}",
        "nav_url": "https://www.dhfun.cn/list/navCate-navPage.html",
        "cate_url": "http://www.ameiju.net/vodshow/cateNav-cateArea--cateCate--catePage--cateYear.html",
        "web_name": "逗号影视",
        "kw": "wd",
        "params": [
          {
            "key": "key",
            "value": "value"
          }
        ],
        "navHtml": {
          "name": [
            "动作电影",
            "喜剧电影",
            "剧情电影",
            "爱情电影",
            "恐怖电影",
            "科幻电影",
            "战争电影",
            "动画电影",
            "国产剧",
            "韩剧",
            "美剧",
            "日剧",
            "动漫"
          ],
          "cate": [
            "9",
            "10",
            "11",
            "12",
            "13",
            "14",
            "15",
            "16",
            "1",
            "2",
            "3",
            "7",
            "18"
          ],
          "page": "1"
        },
        "cateHtml": {
          "isCate": false,
          "isYear": false,
          "isArea": false,
          "cate": "全部,&&动作,动作&&剧情,剧情&&喜剧,喜剧&&爱情,爱情&&科幻,科幻&&惊悚,惊悚&&恐怖,恐怖&&悬疑,悬疑&&冒险,冒险&&魔幻,魔幻&&奇幻,奇幻&&历史,历史&&犯罪,犯罪&&动画,动画&&偶像,偶像&&记录,记录&&青春,青春&&丧尸,丧尸&&幻想,幻想&&战争,战争&&西部,西部&&通话,通话&&暴力,暴力&&古装,古装&&武侠,武侠&&灾难,灾难&&谍战,谍战&&生活,生活&&讽刺,讽刺&&同性,同性&&传记,传记&&枪战,枪战",
          "year": "全部,&&2020,2020&&2019,2019&&2018,2018&&2017,2017&&2016,2016&&2015,2015&&2014,2014&&2013,2013&&2012,2012&&2011,2011&&2010,2010&&2009,2009&&2008,2008&&更早,更早",
          "area": "全部,&&中国大陆,中国大陆&&中国香港,中国香港&&中国台湾,中国台湾&&美国,美国&&法国,法国&&英国,英国&&日本,日本&&韩国,韩国&&印度,印度&&德国,德国&&泰国,泰国&&其他,其他"
        },
        "html": {
          "episodes": {
            "hasUrlPrefix": false,
            "isListItemAttr": true,
            "isReg": false,
            "isRegNeedDecoder": false,
            "listCss": "ul > li",
            "isMultiList": false,
            "listCssMulti": "",
            "listItemAttr": "href",
            "listItemCss": "a",
            "listItemIndex": 0,
            "mainCss": "div.detail-content.tab-content",
            "mainIndex": 0,
            "regIndexList": [
              0
            ],
            "regItemIndex": 0,
            "regItemStr": "",
            "regSplitList": [
              ""
            ],
            "regStrList": [
              ""
            ]
          },
          "nav": {
            "isKWInUrl": false,
            "isWebPlay": false,
            "descAttr": "",
            "descCss": "span.video-grade",
            "descIndex": 0,
            "hasImgUrlPrefix": true,
            "hasUrlPrefix": false,
            "imgAttr": "data-original",
            "imgCss": "img",
            "imgIndex": 0,
            "isDescAttr": false,
            "isImgAttr": true,
            "isNameAttr": true,
            "isUrlAttr": true,
            "mainCss": "div.panel-max",
            "mainListIndex": 0,
            "nameAttr": "alt",
            "nameCss": "img",
            "nameIndex": 0,
            "searchListCss": "ul > li",
            "urlAttr": "href",
            "urlCss": "a",
            "urlIndex": 0
          },
          "search": {
            "isKWInUrl": false,
            "isWebPlay": false,
            "descAttr": "",
            "descCss": "span.video-grade",
            "descIndex": 0,
            "hasImgUrlPrefix": true,
            "hasUrlPrefix": false,
            "imgAttr": "data-original",
            "imgCss": "img",
            "imgIndex": 0,
            "isDescAttr": false,
            "isImgAttr": true,
            "isNameAttr": true,
            "isUrlAttr": true,
            "mainCss": "div.panel-max",
            "mainListIndex": 0,
            "nameAttr": "alt",
            "nameCss": "img",
            "nameIndex": 0,
            "searchListCss": "ul > li",
            "urlAttr": "href",
            "urlCss": "a",
            "urlIndex": 0
          },
          "video": {
            "episodesListCss": "",
            "episodesMainCss": "",
            "episodesMainIndex": 0,
            "hasEpisodes": false,
            "hasUrlPrefix": false,
            "iframeAttr": "src",
            "iframeIndex": 0,
            "isFrame": true,
            "isFrameProcess": false,
            "isItemAttr": false,
            "isNameAttr": false,
            "isReg": true,
            "isUrlAttr": false,
            "itemAttr": "",
            "itemCss": "script",
            "itemIndex": 2,
            "mainCss": "body",
            "mainIndex": 0,
            "nameAttr": "",
            "nameCss": "",
            "nameIndex": 0,
            "regIndex": 0,
            "regStr": "(?<=<video src=\")(.*)(?=\" controls=)",
            "title": "",
            "urlAttr": "",
            "urlCss": "",
            "urlIndex": 0,
            "videoCss": "",
            "videoIndex": 1,
            "isVideoUrlAttr": true,
            "videoUrlAttr": "",
            "isFromWebView": false,
            "js": ""
          }
        }
      }
    },
    {
      "name": "9亿看看",
      "pic": "http://dwz.date/dVSv",
      "url": "https://gitee.com/shuncaigao/sourceShare/raw/master/tv/doubantop100.json",
      "type": "webPlug",
      "subTitle": "清晰1080P/4K最高60帧",
      "subMobileTitle": "清晰1080P/4K最高60帧",
      "click": true,
      "webPlus": {
        "search_url": "http://www.dmdm2020.com/dongmansearch.html?wd={kw}",
        "nav_url": "http://www.9ekk.com/vodshow/navCate/page/navPage",
        "cate_url": "http://9ekk.com/vodshow/cateNav/area/cateArea/page/catePage/year/cateYear/class/cateCate",
        "web_name": "9亿看看",
        "kw": "wd",
        "params": [
          {
            "key": "key",
            "value": "value"
          }
        ],
        "navHtml": {
          "name": [
            "国语配音",
            "热播电影",
            "热播电视",
            "热播美剧",
            "国配外剧"
          ],
          "cate": [
            "gypy",
            "zuijinrebodianying",
            "zuijinrebodianshiju",
            "rebomeiju",
            "guoyupeiyinhanju"
          ],
          "page": "1"
        },
        "cateHtml": {
          "isCate": false,
          "isYear": false,
          "isArea": false,
          "cate": "全部,&&动作,动作&&剧情,剧情&&喜剧,喜剧&&爱情,爱情&&科幻,科幻&&惊悚,惊悚&&恐怖,恐怖&&悬疑,悬疑&&奇幻,奇幻&&历史,历史&&犯罪,犯罪&&动画,动画&&丧尸,丧尸&&幻想,幻想&&战争,战争&&暴力,暴力&&古装,古装&&武侠,武侠&&灾难,灾难",
          "year": "全部,&&2020,2020&&2019,2019&&2018,2018&&2017,2017&&2016,2016&&2015,2015&&2014,2014&&2013,2013&&2012,2012&&2011,2011&&2010,2010",
          "area": "美国,美国&&法国,法国&&英国,英国&&日本,日本&&韩国,韩国&&印度,印度&&德国,德国&&泰国,泰国&&其他,其他"
        },
        "html": {
          "episodes": {
            "hasUrlPrefix": false,
            "isListItemAttr": true,
            "isReg": false,
            "isRegNeedDecoder": false,
            "listCss": "ul > li",
            "isMultiList": false,
            "listCssMulti": "",
            "listItemAttr": "href",
            "listItemCss": "a",
            "listItemIndex": 0,
            "mainCss": "div.tab-pane.fade.in.clearfix",
            "mainIndex": 0,
            "regIndexList": [
              0
            ],
            "regItemIndex": 0,
            "regItemStr": "",
            "regSplitList": [
              ""
            ],
            "regStrList": [
              ""
            ]
          },
          "nav": {
            "isKWInUrl": false,
            "isWebPlay": false,
            "descAttr": "",
            "descCss": "span.pic-text.text-right",
            "descIndex": 0,
            "hasImgUrlPrefix": false,
            "hasUrlPrefix": false,
            "imgAttr": "data-original",
            "imgCss": "a",
            "imgIndex": 0,
            "isDescAttr": false,
            "isImgAttr": true,
            "isNameAttr": true,
            "isUrlAttr": true,
            "mainCss": "ul.myui-vodlist.clearfix",
            "mainListIndex": 0,
            "nameAttr": "title",
            "nameCss": "a",
            "nameIndex": 0,
            "searchListCss": "li",
            "urlAttr": "href",
            "urlCss": "a",
            "urlIndex": 0
          },
          "search": {
            "isKWInUrl": false,
            "isWebPlay": false,
            "descAttr": "",
            "descCss": "span.pic-text.text-right",
            "descIndex": 0,
            "hasUrlPrefix": false,
            "imgAttr": "data-original",
            "imgCss": "a",
            "imgIndex": 0,
            "isDescAttr": false,
            "isImgAttr": true,
            "isNameAttr": true,
            "isUrlAttr": true,
            "mainCss": "ul#searchList",
            "mainListIndex": 0,
            "nameAttr": "title",
            "nameCss": "a",
            "nameIndex": 0,
            "searchListCss": "li",
            "urlAttr": "href",
            "urlCss": "a",
            "urlIndex": 0
          },
          "video": {
            "episodesListCss": "",
            "episodesMainCss": "",
            "episodesMainIndex": 0,
            "hasEpisodes": false,
            "hasUrlPrefix": false,
            "iframeAttr": "src",
            "iframeIndex": 0,
            "isFrame": true,
            "isFrameProcess": false,
            "isItemAttr": false,
            "isNameAttr": false,
            "isReg": true,
            "isUrlAttr": false,
            "itemAttr": "",
            "itemCss": "script",
            "itemIndex": 2,
            "mainCss": "body",
            "mainIndex": 0,
            "nameAttr": "",
            "nameCss": "",
            "nameIndex": 0,
            "regIndex": 0,
            "regStr": "(?<=<video src=\")(.*)(?=\" controls=)",
            "title": "",
            "urlAttr": "",
            "urlCss": "",
            "urlIndex": 0,
            "videoCss": "",
            "videoIndex": 1,
            "isVideoUrlAttr": true,
            "videoUrlAttr": "",
            "isFromWebView": false,
            "js": ""
          }
        }
      }
    },
    {
      "name": "哆咪动漫",
      "pic": "http://dwz.date/dVSs",
      "url": "https://gitee.com/shuncaigao/sourceShare/raw/master/tv/doubantop100.json",
      "type": "webPlug",
      "subTitle": "高清无筛选",
      "subMobileTitle": "质量非常之高",
      "click": true,
      "webPlus": {
        "search_url": "http://www.dmdm2020.com/dongmansearch.html?wd={kw}",
        "nav_url": "http://www.dmdm2020.com/dongmantype/navCate/page/navPage.html",
        "cate_url": "",
        "web_name": "哆咪动漫",
        "kw": "wd",
        "params": [
          {
            "key": "key",
            "value": "value"
          }
        ],
        "navHtml": {
          "name": [
            "日本动漫",
            "国产动漫",
            "其他动漫",
            "日本番剧",
            "日本动画",
            "国产番剧",
            "国产动画",
            "其他番剧",
            "其他动画"
          ],
          "cate": [
            "20",
            "21",
            "26",
            "22",
            "23",
            "24",
            "25",
            "27",
            "28"
          ],
          "page": "1"
        },
        "cateHtml": {
          "isCate": false,
          "isYear": false,
          "isArea": false,
          "cate": "全部,&&动作,动作&&剧情,剧情&&喜剧,喜剧&&爱情,爱情&&科幻,科幻&&惊悚,惊悚&&恐怖,恐怖&&悬疑,悬疑&&奇幻,奇幻&&历史,历史&&犯罪,犯罪&&动画,动画&&丧尸,丧尸&&幻想,幻想&&战争,战争&&暴力,暴力&&古装,古装&&武侠,武侠&&灾难,灾难",
          "year": "全部,&&2020,2020&&2019,2019&&2018,2018&&2017,2017&&2016,2016&&2015,2015&&2014,2014&&2013,2013&&2012,2012&&2011,2011&&2010,2010&&2009,2009&&2008,2008&&更早,更早",
          "area": "全部,&&中国大陆,中国大陆&&中国香港,中国香港&&中国台湾,中国台湾&&美国,美国&&法国,法国&&英国,英国&&日本,日本&&韩国,韩国&&印度,印度&&德国,德国&&泰国,泰国&&其他,其他"
        },
        "html": {
          "episodes": {
            "hasUrlPrefix": false,
            "isListItemAttr": true,
            "isReg": false,
            "isRegNeedDecoder": false,
            "listCss": "ul > li",
            "isMultiList": false,
            "listCssMulti": "",
            "listItemAttr": "href",
            "listItemCss": "a",
            "listItemIndex": 0,
            "mainCss": "div#playlist1",
            "mainIndex": 0,
            "regIndexList": [
              0
            ],
            "regItemIndex": 0,
            "regItemStr": "",
            "regSplitList": [
              ""
            ],
            "regStrList": [
              ""
            ]
          },
          "nav": {
            "isKWInUrl": false,
            "isWebPlay": false,
            "descAttr": "",
            "descCss": "span.pic-text.text-right",
            "descIndex": 0,
            "hasImgUrlPrefix": true,
            "hasUrlPrefix": false,
            "imgAttr": "data-original",
            "imgCss": "a",
            "imgIndex": 0,
            "isDescAttr": false,
            "isImgAttr": true,
            "isNameAttr": true,
            "isUrlAttr": true,
            "mainCss": "ul.myui-vodlist.clearfix",
            "mainListIndex": 0,
            "nameAttr": "title",
            "nameCss": "a",
            "nameIndex": 0,
            "searchListCss": "li",
            "urlAttr": "href",
            "urlCss": "a",
            "urlIndex": 0
          },
          "search": {
            "isKWInUrl": false,
            "isWebPlay": false,
            "descAttr": "",
            "descCss": "span.pic-text.text-right",
            "descIndex": 0,
            "hasImgUrlPrefix": true,
            "hasUrlPrefix": false,
            "imgAttr": "data-original",
            "imgCss": "a",
            "imgIndex": 0,
            "isDescAttr": false,
            "isImgAttr": true,
            "isNameAttr": true,
            "isUrlAttr": true,
            "mainCss": "ul#searchList",
            "mainListIndex": 0,
            "nameAttr": "title",
            "nameCss": "a",
            "nameIndex": 0,
            "searchListCss": "li",
            "urlAttr": "href",
            "urlCss": "a",
            "urlIndex": 0
          },
          "video": {
            "episodesListCss": "",
            "episodesMainCss": "",
            "episodesMainIndex": 0,
            "hasEpisodes": false,
            "hasUrlPrefix": false,
            "iframeAttr": "src",
            "iframeIndex": 0,
            "isFrame": true,
            "isFrameProcess": false,
            "isItemAttr": false,
            "isNameAttr": false,
            "isReg": true,
            "isUrlAttr": false,
            "itemAttr": "",
            "itemCss": "script",
            "itemIndex": 2,
            "mainCss": "body",
            "mainIndex": 0,
            "nameAttr": "",
            "nameCss": "",
            "nameIndex": 0,
            "regIndex": 0,
            "regStr": "(?<=<video src=\")(.*)(?=\" controls=)",
            "title": "",
            "urlAttr": "",
            "urlCss": "",
            "urlIndex": 0,
            "videoCss": "",
            "videoIndex": 1,
            "isVideoUrlAttr": true,
            "videoUrlAttr": "",
            "isFromWebView": false,
            "js": ""
          }
        }
      }
    },
    {
      "name": "8号影院",
      "pic": "http://dwz.date/dVSw",
      "url": "https://gitee.com/shuncaigao/sourceShare/raw/master/tv/doubantop100.json",
      "type": "webPlug",
      "subTitle": "高清无筛选(菜单键或上下键选集)",
      "subMobileTitle": "高清无筛选",
      "click": true,
      "webPlus": {
        "search_url": "http://8hdyy.com/search.php?searchword={kw}",
        "nav_url": "http://8hdyy.com/frim/navCate-navPage.html",
        "cate_url": "http://8hdyy.com/frim/navCate-navPage.html",
        "web_name": "8号影院",
        "kw": "wd",
        "params": [
          {
            "key": "key",
            "value": "value"
          }
        ],
        "navHtml": {
          "name": [
            "电影",
            "连续剧",
            "动漫",
            "综艺"
          ],
          "cate": [
            "1",
            "2",
            "4",
            "3"
          ],
          "page": "1"
        },
        "cateHtml": {
          "isCate": false,
          "isYear": false,
          "isArea": false,
          "cate": "全部,&&动作,动作&&剧情,剧情&&喜剧,喜剧&&爱情,爱情&&科幻,科幻&&惊悚,惊悚&&恐怖,恐怖&&悬疑,悬疑&&奇幻,奇幻&&历史,历史&&犯罪,犯罪&&动画,动画&&丧尸,丧尸&&幻想,幻想&&战争,战争&&暴力,暴力&&古装,古装&&武侠,武侠&&灾难,灾难",
          "year": "全部,&&2020,2020&&2019,2019&&2018,2018&&2017,2017&&2016,2016&&2015,2015&&2014,2014&&2013,2013&&2012,2012&&2011,2011&&2010,2010&&2009,2009&&2008,2008&&更早,更早",
          "area": "全部,&&大陆,大陆&&香港,香港&&台湾,台湾&&美国,美国&&法国,法国&&英国,英国&&日本,日本&&韩国,韩国&&印度,印度&&德国,德国&&泰国,泰国&&其他,其他"
        },
        "html": {
          "episodes": {
            "hasUrlPrefix": false,
            "isListItemAttr": true,
            "isReg": false,
            "isRegNeedDecoder": false,
            "listCss": "ul > li",
            "isMultiList": false,
            "listCssMulti": "",
            "listItemAttr": "href",
            "listItemCss": "a",
            "listItemIndex": 0,
            "mainCss": "div.stui-pannel_bd.col-pd.clearfix",
            "mainIndex": 0,
            "regIndexList": [
              0
            ],
            "regItemIndex": 0,
            "regItemStr": "",
            "regSplitList": [
              ""
            ],
            "regStrList": [
              ""
            ]
          },
          "nav": {
            "isKWInUrl": false,
            "isWebPlay": false,
            "descAttr": "",
            "descCss": "span.pic-text.text-right",
            "descIndex": 0,
            "hasImgUrlPrefix": true,
            "hasUrlPrefix": false,
            "imgAttr": "data-original",
            "imgCss": "a",
            "imgIndex": 0,
            "isDescAttr": false,
            "isImgAttr": true,
            "isNameAttr": true,
            "isUrlAttr": true,
            "mainCss": "ul.stui-vodlist.clearfix",
            "mainListIndex": 0,
            "nameAttr": "title",
            "nameCss": "a",
            "nameIndex": 0,
            "searchListCss": "ul > li",
            "urlAttr": "href",
            "urlCss": "a",
            "urlIndex": 0
          },
          "search": {
            "isKWInUrl": false,
            "isWebPlay": false,
            "descAttr": "",
            "descCss": "span.pic-text.text-right",
            "descIndex": 0,
            "hasImgUrlPrefix": true,
            "hasUrlPrefix": false,
            "imgAttr": "data-original",
            "imgCss": "a",
            "imgIndex": 0,
            "isDescAttr": false,
            "isImgAttr": true,
            "isNameAttr": true,
            "isUrlAttr": true,
            "mainCss": "ul.stui-vodlist.clearfix",
            "mainListIndex": 0,
            "nameAttr": "title",
            "nameCss": "a",
            "nameIndex": 0,
            "searchListCss": "ul > li",
            "urlAttr": "href",
            "urlCss": "p",
            "urlIndex": 0
          },
          "video": {
            "episodesListCss": "",
            "episodesMainCss": "",
            "episodesMainIndex": 0,
            "hasEpisodes": false,
            "hasUrlPrefix": false,
            "iframeAttr": "src",
            "iframeIndex": 0,
            "isFrame": true,
            "isFrameProcess": false,
            "isItemAttr": false,
            "isNameAttr": false,
            "isReg": true,
            "isUrlAttr": false,
            "itemAttr": "",
            "itemCss": "script",
            "itemIndex": 2,
            "mainCss": "body",
            "mainIndex": 0,
            "nameAttr": "",
            "nameCss": "",
            "nameIndex": 0,
            "regIndex": 0,
            "regStr": "(?<=<video src=\")(.*)(?=\" controls=)",
            "title": "",
            "urlAttr": "",
            "urlCss": "",
            "urlIndex": 0,
            "videoCss": "",
            "videoIndex": 1,
            "isVideoUrlAttr": true,
            "videoUrlAttr": "",
            "isFromWebView": false,
            "js": ""
          }
        }
      }
    },
    {
      "name": "飞鸭（蓝光）",
      "pic": "https://gitee.com/wpcmzjk/tv/raw/master/png/4ky.png",
      "url": "https://gitee.com/shuncaigao/sourceShare/raw/master/tv/doubantop100.json",
      "type": "webPlug",
      "subTitle": "高清无筛选(菜单键或上下键选集)",
      "subMobileTitle": "飞鸭",
      "click":true,
      "webPlus": {
        "search_url": "https://4kya.com/index.php/vod/search/?wd={kw}",
        "nav_url": "https://4kya.com/index.php/vod/type/id/navCate/page/navPage.html",
        "cate_url": "https://4kya.com/index.php/vod/show/area/cateArea/id/navCate/year/CateYear.html",
        "web_name": "4kya影院",
        "kw": "wd",
        "params": [
          {
            "key": "key",
            "value": "value"
          }
        ],
        "navHtml": {
          "name": [
            "电影",
            "电视剧",
            "动慢"

          ],
          "cate": [
            "1",
            "2",
            "4"

          ],
          "page": "1"
        },

        "cateHtml": {
          "isCate": false,
          "isYear": true,
          "isArea": true,
          "cate": "全部,&&动作,动作&&剧情,剧情&&喜剧,喜剧&&爱情,爱情&&科幻,科幻&&惊悚,惊悚&&恐怖,恐怖&&悬疑,悬疑&&冒险,冒险&&魔幻,魔幻&&奇幻,奇幻&&历史,历史&&犯罪,犯罪&&动画,动画&&偶像,偶像&&记录,记录&&青春,青春&&丧尸,丧尸&&幻想,幻想&&战争,战争&&西部,西部&&通话,通话&&暴力,暴力&&古装,古装&&武侠,武侠&&灾难,灾难&&谍战,谍战&&生活,生活&&讽刺,讽刺&&同性,同性&&传记,传记&&枪战,枪战",
          "year": "全部,&&2020,2020&&2019,2019&&2018,2018&&2017,2017&&2016,2016&&2015,2015&&2014,2014&&2013,2013&&2012,2012&&2011,2011&&2010,2010&&2009,2009&&2008,2008",
          "area": "全部,&&内地,内地&&韩国,韩国&&香港,香港&&台湾,台湾&&美国,美国&&英国,英国&&泰国,泰国&&韩国,韩国&&新加坡,新加坡&&其他,其他"
        },
        "html": {
          "episodes": {
            "hasUrlPrefix": false,
            "isListItemAttr": true,
            "isReg": false,
            "isRegNeedDecoder": false,
            "listCss": "li > a",
            "isMultiList": false,
            "listCssMulti": "",
            "listItemAttr": "href",
            "listItemCss": "a",
            "listItemIndex": 0,
            "mainCss": "ul.myui-content__list.scrollbar.sort-list.clearfix",
            "mainIndex": 0,
            "regIndexList": [
              0
            ],
            "regItemIndex": 0,
            "regItemStr": "",
            "regSplitList": [
              ""
            ],
            "regStrList": [
              ""
            ]
          },
          "nav": {
            "isKWInUrl": false,
            "isWebPlay": false,
            "descAttr": "",
            "descCss": "span.pic-text.text-right",
            "descIndex": 0,
            "hasImgUrlPrefix": true,
            "hasUrlPrefix": false,
            "imgAttr": "data-original",
            "imgCss": "a",
            "imgIndex": 0,
            "isDescAttr": false,
            "isImgAttr": true,
            "isNameAttr":true,
            "isUrlAttr": true,
            "mainCss": "ul.myui-vodlist.clearfix",
            "mainListIndex": 0,
            "nameAttr": "title",
            "nameCss": "a",
            "nameIndex": 0,
            "searchListCss": "ul > li > div ",
            "urlAttr": "href",
            "urlCss": "a",
            "urlIndex": 0
          },
          "search": {
            "isKWInUrl": false,
            "isWebPlay": false,
            "descAttr": "",
            "descCss": "span.pic-text.text-right",
            "descIndex": 0,
            "hasImgUrlPrefix": true,
            "hasUrlPrefix": false,
            "imgAttr": "data-original",
            "imgCss": "a",
            "imgIndex": 0,
            "isDescAttr": false,
            "isImgAttr": true,
            "isNameAttr":true,
            "isUrlAttr": true,
            "mainCss": "searchList",
            "mainListIndex": 0,
            "nameAttr": "title",
            "nameCss": "a",
            "nameIndex": 0,
            "searchListCss": "li",
            "urlAttr": "href",
            "urlCss": "a",
            "urlIndex": 0
          },
          "video": {
            "episodesListCss": "",
            "episodesMainCss": "",
            "episodesMainIndex": 0,
            "hasEpisodes": false,
            "hasUrlPrefix": false,
            "iframeAttr": "src",
            "iframeIndex": 0,
            "isFrame": true,
            "isFrameProcess": false,
            "isItemAttr": false,
            "isNameAttr": false,
            "isReg": true,
            "isUrlAttr": false,
            "itemAttr": "",
            "itemCss": "script",
            "itemIndex": 2,
            "mainCss": "body",
            "mainIndex": 0,
            "nameAttr": "",
            "nameCss": "",
            "nameIndex": 0,
            "regIndex": 0,
            "regStr": "(?<=<video src=\")(.*)(?=\" controls=)",
            "title": "",
            "urlAttr": "",
            "urlCss": "",
            "urlIndex": 0,
            "videoCss": "",
            "videoIndex": 1,
            "isVideoUrlAttr": true,
            "videoUrlAttr": "",
            "isFromWebView": false,
            "js": ""
          }
        }
      }
    },
    {
      "name": "完美看看",
      "pic": "https://img9.doubanio.com/view/activity_page/raw/public/p3725.jpg",
      "url": "https://gitee.com/shuncaigao/sourceShare/raw/master/tv/doubantop100.json",
      "type": "webPlug",
      "subTitle": "高清无筛选(菜单键或上下键选集)",
      "subMobileTitle": "高清无筛选",
      "click": false,
      "webPlus": {
        "search_url": "https://www.muguangys.xyz/vodsearch/-------------.html?wd=",
        "nav_url": "https://www.wanmeikk.me/category/navCate-navPage.html",
        "cate_url": "https://www.muguangys.xyz/vodshow/cateNav-cateArea--cateCate-----catePage---cateYear.html",
        "web_name": "完美看看影视",
        "kw": "wd",
        "params": [
          {
            "key": "key",
            "value": "value"
          }
        ],
        "navHtml": {
          "name": [
            "电影",
            "欧美剧",
            "韩剧",
            "日剧",
            "国产剧",
            "泰剧",
            "动漫",
            "综艺"
          ],
          "cate": [
            "1",
            "2",
            "3",
            "4",
            "5",
            "9",
            "6",
            "7"
          ],
          "page": "1"
        },
        "cateHtml": {
          "isCate": false,
          "isYear": false,
          "isArea": false,
          "cate": "全部,&&动作,动作&&剧情,剧情&&喜剧,喜剧&&爱情,爱情&&科幻,科幻&&惊悚,惊悚&&恐怖,恐怖&&悬疑,悬疑&&奇幻,奇幻&&历史,历史&&犯罪,犯罪&&动画,动画&&丧尸,丧尸&&幻想,幻想&&战争,战争&&暴力,暴力&&古装,古装&&武侠,武侠&&灾难,灾难",
          "year": "全部,&&2020,2020&&2019,2019&&2018,2018&&2017,2017&&2016,2016&&2015,2015&&2014,2014&&2013,2013&&2012,2012&&2011,2011&&2010,2010&&2009,2009&&2008,2008&&更早,更早",
          "area": "全部,&&大陆,大陆&&香港,香港&&台湾,台湾&&美国,美国&&法国,法国&&英国,英国&&日本,日本&&韩国,韩国&&印度,印度&&德国,德国&&泰国,泰国&&其他,其他"
        },
        "html": {
          "episodes": {
            "hasUrlPrefix": false,
            "isListItemAttr": true,
            "isReg": false,
            "isRegNeedDecoder": false,
            "listCss": "ul > li",
            "isMultiList": false,
            "listCssMulti": "",
            "listItemAttr": "href",
            "listItemCss": "a",
            "listItemIndex": 0,
            "mainCss": "div.stui-pannel_bd.col-pd.clearfix",
            "mainIndex": 0,
            "regIndexList": [
              0
            ],
            "regItemIndex": 0,
            "regItemStr": "",
            "regSplitList": [
              ""
            ],
            "regStrList": [
              ""
            ]
          },
          "nav": {
            "isKWInUrl": false,
            "isWebPlay": false,
            "descAttr": "",
            "descCss": "span.pic-text.text-right",
            "descIndex": 0,
            "hasImgUrlPrefix": true,
            "hasUrlPrefix": false,
            "imgAttr": "data-original",
            "imgCss": "a",
            "imgIndex": 0,
            "isDescAttr": false,
            "isImgAttr": true,
            "isNameAttr": true,
            "isUrlAttr": true,
            "mainCss": "div.stui-pannel-box",
            "mainListIndex": 0,
            "nameAttr": "title",
            "nameCss": "a",
            "nameIndex": 0,
            "searchListCss": "ul > li",
            "urlAttr": "href",
            "urlCss": "a",
            "urlIndex": 0
          },
          "search": {
            "isKWInUrl": false,
            "isWebPlay": false,
            "descAttr": "",
            "descCss": "div.detail",
            "descIndex": 0,
            "hasUrlPrefix": false,
            "imgAttr": "data-original",
            "imgCss": "a",
            "imgIndex": 0,
            "isDescAttr": false,
            "isImgAttr": true,
            "isNameAttr": true,
            "isUrlAttr": true,
            "mainCss": "div.stui-pannel_bd",
            "mainListIndex": 0,
            "nameAttr": "title",
            "nameCss": "a",
            "nameIndex": 0,
            "searchListCss": "ul > li",
            "urlAttr": "href",
            "urlCss": "a",
            "urlIndex": 0
          },
          "video": {
            "episodesListCss": "",
            "episodesMainCss": "",
            "episodesMainIndex": 0,
            "hasEpisodes": false,
            "hasUrlPrefix": false,
            "iframeAttr": "src",
            "iframeIndex": 0,
            "isFrame": true,
            "isFrameProcess": false,
            "isItemAttr": false,
            "isNameAttr": false,
            "isReg": true,
            "isUrlAttr": false,
            "itemAttr": "",
            "itemCss": "script",
            "itemIndex": 2,
            "mainCss": "body",
            "mainIndex": 0,
            "nameAttr": "",
            "nameCss": "",
            "nameIndex": 0,
            "regIndex": 0,
            "regStr": "(?<=<video src=\")(.*)(?=\" controls=)",
            "title": "",
            "urlAttr": "",
            "urlCss": "",
            "urlIndex": 0,
            "videoCss": "",
            "videoIndex": 1,
            "isVideoUrlAttr": true,
            "videoUrlAttr": "",
            "isFromWebView": false,
            "js": ""
          }
        }
      }
    },
    {
      "name": "1080",
      "pic": "https://img3.doubanio.com/view/activity_page/raw/public/p4220.jpg",
      "url": "https://gitee.com/shuncaigao/sourceShare/raw/master/tv/doubantop100.json",
      "type": "webPlug",
      "subTitle": "高清有筛选(菜单键或上下键选集)",
      "subMobileTitle": "高清有筛选",
      "click": false,
      "webPlus": {
        "search_url": "https://www.k1080.net/index.php/vodshow/-------------.html?wd=",
        "nav_url": "https://www.k1080.net/index.php/vodtype/navCate-navPage.html",
        "cate_url": "https://www.k1080.net/index.php/vodshow/cateNav-cateArea--cateCate-----catePage---cateYear.html",
        "web_name": "1080影视",
        "kw": "wd",
        "params": [
          {
            "key": "key",
            "value": "value"
          }
        ],
        "navHtml": {
          "name": [
            "电影",
            "连续剧",
            "动漫",
            "综艺"
          ],
          "cate": [
            "1",
            "2",
            "4",
            "3"
          ],
          "page": "1"
        },
        "cateHtml": {
          "isCate": true,
          "isYear": true,
          "isArea": true,
          "cate": "全部,&&动作,动作&&剧情,剧情&&喜剧,喜剧&&爱情,爱情&&科幻,科幻&&惊悚,惊悚&&恐怖,恐怖&&悬疑,悬疑&&奇幻,奇幻&&历史,历史&&犯罪,犯罪&&动画,动画&&丧尸,丧尸&&幻想,幻想&&战争,战争&&暴力,暴力&&古装,古装&&武侠,武侠&&灾难,灾难",
          "year": "全部,&&2020,2020&&2019,2019&&2018,2018&&2017,2017&&2016,2016&&2015,2015&&2014,2014&&2013,2013&&2012,2012&&2011,2011&&2010,2010&&2009,2009&&2008,2008&&更早,更早",
          "area": "全部,&&大陆,大陆&&香港,香港&&台湾,台湾&&美国,美国&&法国,法国&&英国,英国&&日本,日本&&韩国,韩国&&印度,印度&&德国,德国&&泰国,泰国&&其他,其他"
        },
        "html": {
          "episodes": {
            "hasUrlPrefix": false,
            "isListItemAttr": true,
            "isReg": false,
            "isRegNeedDecoder": false,
            "listCss": "ul > li",
            "isMultiList": false,
            "listCssMulti": "",
            "listItemAttr": "href",
            "listItemCss": "a",
            "listItemIndex": 0,
            "mainCss": "div#playlist1",
            "mainIndex": 0,
            "regIndexList": [
              0
            ],
            "regItemIndex": 0,
            "regItemStr": "",
            "regSplitList": [
              ""
            ],
            "regStrList": [
              ""
            ]
          },
          "nav": {
            "isKWInUrl": false,
            "isWebPlay": false,
            "descAttr": "",
            "descCss": "span.pic-text.text-right",
            "descIndex": 0,
            "hasImgUrlPrefix": true,
            "hasUrlPrefix": false,
            "imgAttr": "data-original",
            "imgCss": "a",
            "imgIndex": 0,
            "isDescAttr": false,
            "isImgAttr": true,
            "isNameAttr": true,
            "isUrlAttr": true,
            "mainCss": "div.myui-panel_bd",
            "mainListIndex": 1,
            "nameAttr": "title",
            "nameCss": "a",
            "nameIndex": 0,
            "searchListCss": "ul > li",
            "urlAttr": "href",
            "urlCss": "a",
            "urlIndex": 0
          },
          "search": {
            "isKWInUrl": false,
            "isWebPlay": false,
            "descAttr": "",
            "descCss": "div.pic-text.text-right",
            "descIndex": 0,
            "hasUrlPrefix": false,
            "imgAttr": "data-original",
            "imgCss": "a",
            "imgIndex": 0,
            "isDescAttr": false,
            "isImgAttr": true,
            "isNameAttr": true,
            "isUrlAttr": true,
            "mainCss": "div.myui-panel_bd col-pd.clearfix",
            "mainListIndex": 0,
            "nameAttr": "title",
            "nameCss": "a",
            "nameIndex": 0,
            "searchListCss": "ul > li",
            "urlAttr": "href",
            "urlCss": "a",
            "urlIndex": 0
          },
          "video": {
            "episodesListCss": "",
            "episodesMainCss": "",
            "episodesMainIndex": 0,
            "hasEpisodes": false,
            "hasUrlPrefix": false,
            "iframeAttr": "src",
            "iframeIndex": 0,
            "isFrame": true,
            "isFrameProcess": false,
            "isItemAttr": false,
            "isNameAttr": false,
            "isReg": true,
            "isUrlAttr": false,
            "itemAttr": "",
            "itemCss": "script",
            "itemIndex": 2,
            "mainCss": "body",
            "mainIndex": 0,
            "nameAttr": "",
            "nameCss": "",
            "nameIndex": 0,
            "regIndex": 0,
            "regStr": "(?<=<video src=\")(.*)(?=\" controls=)",
            "title": "",
            "urlAttr": "",
            "urlCss": "",
            "urlIndex": 0,
            "videoCss": "",
            "videoIndex": 1,
            "isVideoUrlAttr": true,
            "videoUrlAttr": "",
            "isFromWebView": false,
            "js": ""
          }
        }
      }
    },
    {
      "name": "素白白",
      "pic": "http://dwz.date/dVSm",
      "url": "https://gitee.com/shuncaigao/sourceShare/raw/master/tv/doubantop100.json",
      "type": "webPlug",
      "subTitle": "最低720P(菜单键或上下键选集)",
      "subMobileTitle": "最低720P",
      "click": false,
      "webPlus": {
        "search_url": "https://www.subaibai.com/grabble?q={kw}",
        "nav_url": "https://www.subaibai.com/movie_bt/movie_bt_series/navCate/page/navPage",
        "cate_url": "https://www.k1080.net/index.php/vodshow/cateNav-cateArea--cateCate-----catePage---cateYear.html",
        "web_name": "1080影视",
        "kw": "wd",
        "params": [
          {
            "key": "key",
            "value": "value"
          }
        ],
        "navHtml": {
          "name": [
            "国产电影",
            "欧美电影",
            "港台电影",
            "日韩电影",
            "泰国电影",
            "香港经典",
            "印度电影",
            "动漫电影",
            "国产剧",
            "欧美剧",
            "韩剧",
            "日剧",
            "港台剧",
            "动漫",
            "综艺"
          ],
          "cate": [
            "guochandy",
            "oumeidy",
            "gangtaidy",
            "rihandy",
            "thaidy",
            "xianggangdy",
            "yindudy",
            "dongmandy",
            "guochanju",
            "oumeiju",
            "hanju",
            "riju",
            "gangju",
            "dongmanju",
            "zongyi"
          ],
          "page": "1"
        },
        "cateHtml": {
          "isCate": false,
          "isYear": false,
          "isArea": false,
          "cate": "",
          "year": "",
          "area": ""
        },
        "html": {
          "episodes": {
            "hasUrlPrefix": true,
            "isListItemAttr": true,
            "isReg": false,
            "isRegNeedDecoder": false,
            "listCss": "a",
            "isMultiList": false,
            "listCssMulti": "",
            "listItemAttr": "href",
            "listItemCss": "a",
            "listItemIndex": 0,
            "mainCss": "div.paly_list_btn",
            "mainIndex": 0,
            "regIndexList": [
              0
            ],
            "regItemIndex": 0,
            "regItemStr": "",
            "regSplitList": [
              ""
            ],
            "regStrList": [
              ""
            ]
          },
          "nav": {
            "isKWInUrl": false,
            "isWebPlay": false,
            "descAttr": "",
            "descCss": "span.qb",
            "descIndex": 0,
            "hasImgUrlPrefix": true,
            "hasUrlPrefix": true,
            "imgAttr": "data-original",
            "imgCss": "img",
            "imgIndex": 0,
            "isDescAttr": false,
            "isImgAttr": true,
            "isNameAttr": true,
            "isUrlAttr": true,
            "mainCss": "div.bt_img.mi_ne_kd.mrb",
            "mainListIndex": 0,
            "nameAttr": "alt",
            "nameCss": "img",
            "nameIndex": 0,
            "searchListCss": "ul > li",
            "urlAttr": "href",
            "urlCss": "a",
            "urlIndex": 0
          },
          "search": {
            "isKWInUrl": false,
            "isWebPlay": false,
            "descAttr": "",
            "descCss": "span.qb",
            "descIndex": 0,
            "hasUrlPrefix": true,
            "imgAttr": "data-original",
            "imgCss": "img",
            "imgIndex": 0,
            "isDescAttr": false,
            "isImgAttr": true,
            "isNameAttr": true,
            "isUrlAttr": true,
            "mainCss": "div.bt_img.mi_ne_kd.search_list",
            "mainListIndex": 0,
            "nameAttr": "alt",
            "nameCss": "img",
            "nameIndex": 0,
            "searchListCss": "ul > li",
            "urlAttr": "href",
            "urlCss": "a",
            "urlIndex": 0
          },
          "video": {
            "episodesListCss": "",
            "episodesMainCss": "",
            "episodesMainIndex": 0,
            "hasEpisodes": false,
            "hasUrlPrefix": false,
            "iframeAttr": "src",
            "iframeIndex": 0,
            "isFrame": true,
            "isFrameProcess": false,
            "isItemAttr": false,
            "isNameAttr": false,
            "isReg": true,
            "isUrlAttr": false,
            "itemAttr": "",
            "itemCss": "script",
            "itemIndex": 2,
            "mainCss": "body",
            "mainIndex": 0,
            "nameAttr": "",
            "nameCss": "",
            "nameIndex": 0,
            "regIndex": 0,
            "regStr": "(?<=<video src=\")(.*)(?=\" controls=)",
            "title": "",
            "urlAttr": "",
            "urlCss": "",
            "urlIndex": 0,
            "videoCss": "",
            "videoIndex": 1,
            "isVideoUrlAttr": true,
            "videoUrlAttr": "",
            "isFromWebView": false,
            "js": ""
          }
        }
      }
    },
    {
      "name": "独播库",
      "pic": "https://img3.doubanio.com/view/activity_page/raw/public/p4191.jpg",
      "url": "https://gitee.com/shuncaigao/sourceShare/raw/master/tv/doubantop100.json",
      "type": "webPlug",
      "subTitle": "超高清有筛选先别用",
      "subMobileTitle": "超高清有筛选先别用",
      "click": false,
      "webPlus": {
        "search_url": "https://www.muguangys.xyz/vodsearch/-------------.html?wd=",
        "nav_url": "https://www.duboku.co/vodtype/navCate-navPage.html",
        "cate_url": "https://www.duboku.co/vodshow/cateNav-cateArea--cateCate-----catePage---cateYear.html",
        "web_name": "独播库",
        "kw": "wd",
        "params": [
          {
            "key": "key",
            "value": "value"
          }
        ],
        "navHtml": {
          "name": [
            "电影",
            "电视剧",
            "动漫",
            "综艺"
          ],
          "cate": [
            "1",
            "2",
            "4",
            "3"
          ],
          "page": "1"
        },
        "cateHtml": {
          "isCate": true,
          "isYear": true,
          "isArea": true,
          "cate": "全部,&&动作,动作&&剧情,剧情&&喜剧,喜剧&&爱情,爱情&&科幻,科幻&&惊悚,惊悚&&恐怖,恐怖&&悬疑,悬疑&&奇幻,奇幻&&历史,历史&&犯罪,犯罪&&动画,动画&&丧尸,丧尸&&幻想,幻想&&战争,战争&&暴力,暴力&&古装,古装&&武侠,武侠&&灾难,灾难",
          "year": "全部,&&2020,2020&&2019,2019&&2018,2018&&2017,2017&&2016,2016&&2015,2015&&2014,2014&&2013,2013&&2012,2012&&2011,2011&&2010,2010&&2009,2009&&2008,2008&&更早,更早",
          "area": "全部,&&大陆,大陆&&香港,香港&&台湾,台湾&&美国,美国&&法国,法国&&英国,英国&&日本,日本&&韩国,韩国&&印度,印度&&德国,德国&&泰国,泰国&&其他,其他"
        },
        "html": {
          "episodes": {
            "hasUrlPrefix": false,
            "isListItemAttr": true,
            "isReg": false,
            "isRegNeedDecoder": false,
            "listCss": "ul > li",
            "isMultiList": false,
            "listCssMulti": "",
            "listItemAttr": "href",
            "listItemCss": "a",
            "listItemIndex": 0,
            "mainCss": "div#playlist1",
            "mainIndex": 0,
            "regIndexList": [
              0
            ],
            "regItemIndex": 0,
            "regItemStr": "",
            "regSplitList": [
              ""
            ],
            "regStrList": [
              ""
            ]
          },
          "nav": {
            "isKWInUrl": false,
            "isWebPlay": false,
            "descAttr": "",
            "descCss": "span.pic-text.text-right",
            "descIndex": 0,
            "hasImgUrlPrefix": true,
            "hasUrlPrefix": false,
            "imgAttr": "data-original",
            "imgCss": "a",
            "imgIndex": 0,
            "isDescAttr": false,
            "isImgAttr": true,
            "isNameAttr": true,
            "isUrlAttr": true,
            "mainCss": "div.myui-panel_bd",
            "mainListIndex": 1,
            "nameAttr": "title",
            "nameCss": "a",
            "nameIndex": 0,
            "searchListCss": "ul > li",
            "urlAttr": "href",
            "urlCss": "a",
            "urlIndex": 0
          },
          "search": {
            "isKWInUrl": false,
            "isWebPlay": false,
            "descAttr": "",
            "descCss": "div.detail",
            "descIndex": 0,
            "hasUrlPrefix": false,
            "imgAttr": "data-original",
            "imgCss": "a",
            "imgIndex": 0,
            "isDescAttr": false,
            "isImgAttr": true,
            "isNameAttr": true,
            "isUrlAttr": true,
            "mainCss": "div.stui-pannel_bd",
            "mainListIndex": 0,
            "nameAttr": "title",
            "nameCss": "a",
            "nameIndex": 0,
            "searchListCss": "ul > li",
            "urlAttr": "href",
            "urlCss": "a",
            "urlIndex": 0
          },
          "video": {
            "episodesListCss": "",
            "episodesMainCss": "",
            "episodesMainIndex": 0,
            "hasEpisodes": false,
            "hasUrlPrefix": false,
            "iframeAttr": "src",
            "iframeIndex": 0,
            "isFrame": true,
            "isFrameProcess": false,
            "isItemAttr": false,
            "isNameAttr": false,
            "isReg": true,
            "isUrlAttr": false,
            "itemAttr": "",
            "itemCss": "script",
            "itemIndex": 2,
            "mainCss": "body",
            "mainIndex": 0,
            "nameAttr": "",
            "nameCss": "",
            "nameIndex": 0,
            "regIndex": 0,
            "regStr": "(?<=<video src=\")(.*)(?=\" controls=)",
            "title": "",
            "urlAttr": "",
            "urlCss": "",
            "urlIndex": 0,
            "videoCss": "",
            "videoIndex": 1,
            "isVideoUrlAttr": true,
            "videoUrlAttr": "",
            "isFromWebView": false,
            "js": ""
          }
        }
      }
    },
    {
      "name": "1090",
      "pic": "https://img3.doubanio.com/view/activity_page/raw/public/p4191.jpg",
      "url": "https://gitee.com/shuncaigao/sourceShare/raw/master/tv/doubantop100.json",
      "type": "webPlug",
      "subTitle": "高清有筛选",
      "subMobileTitle": "高清有筛选经常抽风",
      "click": false,
      "webPlus": {
        "search_url": "http://1090ys.com/?c=search",
        "nav_url": "http://1090ys1.com/whole/navCate_______0_addtime_navPage.html",
        "cate_url": "http://1090ys1.com/whole/cateNav_cateArea_cateCate__cateYear___0_id_catePage.html",
        "web_name": "1090影视",
        "kw": "wd",
        "params": [
          {
            "key": "key",
            "value": "value"
          }
        ],
        "navHtml": {
          "name": [
            "电影",
            "美剧",
            "韩剧",
            "日剧",
            "国产剧"
          ],
          "cate": [
            "1",
            "2",
            "3",
            "4",
            "7"
          ],
          "page": "1"
        },
        "cateHtml": {
          "isCate": true,
          "isYear": true,
          "isArea": true,
          "cate": "全部,&&动作,动作&&剧情,剧情&&喜剧,喜剧&&爱情,爱情&&科幻,科幻&&惊悚,惊悚&&恐怖,恐怖&&悬疑,悬疑&&奇幻,奇幻&&历史,历史&&犯罪,犯罪&&动画,动画&&丧尸,丧尸&&幻想,幻想&&战争,战争&&暴力,暴力&&古装,古装&&武侠,武侠&&灾难,灾难",
          "year": "全部,&&2020,2020&&2019,2019&&2018,2018&&2017,2017&&2016,2016&&2015,2015&&2014,2014&&2013,2013&&2012,2012&&2011,2011&&2010,2010&&2009,2009&&2008,2008&&更早,更早",
          "area": "全部,&&中国大陆,中国大陆&&中国香港,中国香港&&中国台湾,中国台湾&&美国,美国&&法国,法国&&英国,英国&&日本,日本&&韩国,韩国&&印度,印度&&德国,德国&&泰国,泰国&&其他,其他"
        },
        "html": {
          "episodes": {
            "hasUrlPrefix": false,
            "isListItemAttr": true,
            "isReg": false,
            "isRegNeedDecoder": false,
            "listCss": "ul > li",
            "isMultiList": false,
            "listCssMulti": "",
            "listItemAttr": "href",
            "listItemCss": "a",
            "listItemIndex": 0,
            "mainCss": "div#play_1",
            "mainIndex": 0,
            "regIndexList": [
              0
            ],
            "regItemIndex": 0,
            "regItemStr": "",
            "regSplitList": [
              ""
            ],
            "regStrList": [
              ""
            ]
          },
          "nav": {
            "isKWInUrl": false,
            "isWebPlay": false,
            "descAttr": "",
            "descCss": "span.pic-text.text-right",
            "descIndex": 0,
            "hasImgUrlPrefix": true,
            "hasUrlPrefix": false,
            "imgAttr": "data-original",
            "imgCss": "a",
            "imgIndex": 0,
            "isDescAttr": false,
            "isImgAttr": true,
            "isNameAttr": true,
            "isUrlAttr": true,
            "mainCss": "div.stui-pannel_bd",
            "mainListIndex": 0,
            "nameAttr": "title",
            "nameCss": "a",
            "nameIndex": 0,
            "searchListCss": "ul > li",
            "urlAttr": "href",
            "urlCss": "a",
            "urlIndex": 0
          },
          "search": {
            "isKWInUrl": false,
            "isWebPlay": false,
            "descAttr": "",
            "descCss": "div.detail",
            "descIndex": 0,
            "hasUrlPrefix": false,
            "imgAttr": "data-original",
            "imgCss": "a",
            "imgIndex": 0,
            "isDescAttr": false,
            "isImgAttr": true,
            "isNameAttr": true,
            "isUrlAttr": true,
            "mainCss": "div.stui-pannel_bd",
            "mainListIndex": 0,
            "nameAttr": "title",
            "nameCss": "a",
            "nameIndex": 0,
            "searchListCss": "ul > li",
            "urlAttr": "href",
            "urlCss": "a",
            "urlIndex": 0
          },
          "video": {
            "episodesListCss": "",
            "episodesMainCss": "",
            "episodesMainIndex": 0,
            "hasEpisodes": false,
            "hasUrlPrefix": false,
            "iframeAttr": "src",
            "iframeIndex": 0,
            "isFrame": true,
            "isFrameProcess": false,
            "isItemAttr": false,
            "isNameAttr": false,
            "isReg": true,
            "isUrlAttr": false,
            "itemAttr": "",
            "itemCss": "script",
            "itemIndex": 2,
            "mainCss": "body",
            "mainIndex": 0,
            "nameAttr": "",
            "nameCss": "",
            "nameIndex": 0,
            "regIndex": 0,
            "regStr": "(?<=<video src=\")(.*)(?=\" controls=)",
            "title": "",
            "urlAttr": "",
            "urlCss": "",
            "urlIndex": 0,
            "videoCss": "",
            "videoIndex": 1,
            "isVideoUrlAttr": true,
            "videoUrlAttr": "",
            "isFromWebView": false,
            "js": ""
          }
        }
      }
    },
    {
      "name": "团长资源",
      "pic": "https://img3.doubanio.com/view/activity_page/raw/public/p3190.jpg",
      "url": "https://gitee.com/shuncaigao/sourceShare/raw/master/tv/doubantop100.json",
      "type": "webPlug",
      "subTitle": "高清速度快有筛选(菜单键或上下键选集)",
      "subMobileTitle": "高清速度快有筛选",
      "click": false,
      "webPlus": {
        "search_url": "https://www.nfmovies.com/search.php?searchword={kw}",
        "nav_url": "https://www.tzfile.com/movie_bt/movie_bt_series/navCate/page/navPage",
        "cate_url": "https://www.nfmovies.com/search.php?page=catePage&searchtype=5&tid=cateNav&area=cateArea&year=cateYear",
        "web_name": "团长资源",
        "kw": "wd",
        "params": [
          {
            "key": "key",
            "value": "value"
          }
        ],
        "navHtml": {
          "name": [
            "国产电影",
            "日韩电影",
            "欧美电影",
            "海外电影",
            "电影",
            "电视剧",
            "纪录片",
            "里番"
          ],
          "cate": [
            "国产电影",
            "日韩电影",
            "欧美电影",
            "海外电影",
            "电影",
            "电视剧",
            "纪录片",
            "里番"
          ],
          "page": "1"
        },
        "cateHtml": {
          "isCate": false,
          "isYear": false,
          "isArea": false,
          "cate": "全部,&&动作,动作&&剧情,剧情&&喜剧,喜剧&&爱情,爱情&&科幻,科幻&&惊悚,惊悚&&恐怖,恐怖&&悬疑,悬疑&&奇幻,奇幻古装,古装&&灾难,灾难",
          "year": "全部,&&2020,2020&&2019,2019&&2018,2018&&2017,2017&&2016,2016&&2015,2015&&2014,2014&&2013,2013&&2012,2012&&2011,2011&&2010,2010&&2009,2009&&2008,2008&&更早,更早",
          "area": "全部,&&大陆,大陆&&香港,香港&&台湾,台湾&&美国,美国&&法国,法国&&英国,英国&&日本,日本&&韩国,韩国&&印度,印度&&泰国,泰国&&其他,其他"
        },
        "html": {
          "episodes": {
            "hasUrlPrefix": true,
            "isListItemAttr": true,
            "isReg": false,
            "isRegNeedDecoder": false,
            "listCss": "a",
            "isMultiList": false,
            "listCssMulti": "",
            "listItemAttr": "href",
            "listItemCss": "a",
            "listItemIndex": 0,
            "mainCss": "div.paly_list_btn",
            "mainIndex": 0,
            "regIndexList": [
              0
            ],
            "regItemIndex": 0,
            "regItemStr": "",
            "regSplitList": [
              ""
            ],
            "regStrList": [
              ""
            ]
          },
          "nav": {
            "isKWInUrl": false,
            "isWebPlay": false,
            "descAttr": "",
            "descCss": "span.qb",
            "descIndex": 0,
            "hasUrlPrefix": true,
            "hasImgUrlPrefix": true,
            "imgAttr": "data-original",
            "imgCss": "a",
            "imgIndex": 0,
            "isDescAttr": false,
            "isImgAttr": true,
            "isNameAttr": true,
            "isUrlAttr": true,
            "mainCss": "div.bt_img mi_ne_kd.mrb",
            "mainListIndex": 0,
            "nameAttr": "alt",
            "nameCss": "img",
            "nameIndex": 0,
            "searchListCss": "ul > li",
            "urlAttr": "href",
            "urlCss": "a",
            "urlIndex": 0
          },
          "search": {
            "isKWInUrl": false,
            "isWebPlay": false,
            "descAttr": "",
            "descCss": "span.pic-text.text-right",
            "descIndex": 0,
            "hasUrlPrefix": false,
            "imgAttr": "data-original",
            "imgCss": "a",
            "imgIndex": 0,
            "isDescAttr": false,
            "hasImgUrlPrefix": false,
            "isImgAttr": true,
            "isNameAttr": true,
            "isUrlAttr": true,
            "mainCss": "ul#searchList",
            "mainListIndex": 0,
            "nameAttr": "title",
            "nameCss": "a",
            "nameIndex": 0,
            "searchListCss": "li",
            "urlAttr": "href",
            "urlCss": "a",
            "urlIndex": 0
          },
          "video": {
            "episodesListCss": "",
            "episodesMainCss": "",
            "episodesMainIndex": 0,
            "hasEpisodes": false,
            "hasUrlPrefix": false,
            "iframeAttr": "src",
            "iframeIndex": 0,
            "isFrame": true,
            "isFrameProcess": false,
            "isItemAttr": false,
            "isNameAttr": false,
            "isReg": true,
            "isUrlAttr": false,
            "itemAttr": "",
            "itemCss": "script",
            "itemIndex": 2,
            "mainCss": "body",
            "mainIndex": 0,
            "nameAttr": "",
            "nameCss": "",
            "nameIndex": 0,
            "regIndex": 0,
            "regStr": "(?<=<video src=\")(.*)(?=\" controls=)",
            "title": "",
            "urlAttr": "",
            "urlCss": "",
            "urlIndex": 0,
            "videoCss": "",
            "videoIndex": 1,
            "isVideoUrlAttr": true,
            "videoUrlAttr": "",
            "isFromWebView": false,
            "js": ""
          }
        }
      }
    }
  ]
}